"","#","Category","Subcategory","Product Name","Price"
"1",1,"Luxury","Bags & Wallets","MINI TRIOMPHE IN TRIOMPHE","S$1,400"
"2",2,"Luxury","Bags & Wallets","Louis Vuitton Wallet","S$800"
"3",3,"Luxury","Bags & Wallets","Louis Vuitton Toiletry Pouch 26 Monogram","S$1,150"
"4",4,"Luxury","Bags & Wallets","ðŸ–¤Chanel 22K Caviar Small FlapðŸ–¤","S$8,080"
"5",5,"Luxury","Bags & Wallets","Bnib Gucci Classic Super Mini Dionysus Bag Authentic","S$900"
"6",6,"Luxury","Bags & Wallets","Karl Lagerfeld bag","S$90"
"7",7,"Luxury","Bags & Wallets","Louis Vuitton speedy 20","S$2,900"
"8",8,"Luxury","Bags & Wallets","Dior Lotus Wallet in Warm Taupe","S$700"
"9",9,"Luxury","Bags & Wallets","Chanel mini cf with Top handle","S$7,500"
"10",10,"Luxury","Bags & Wallets","Louis Vuitton Paname Bag Limited Edition Large Grace Coddington Catogram Canvas","S$1,800"
"11",11,"Luxury","Bags & Wallets","Dior Tote bag (Large)","S$2,800"
"12",12,"Luxury","Bags & Wallets","Christian Dior Lady Dior","S$2,950"
"13",13,"Luxury","Bags & Wallets","Hermes Mini Evelyne Bleu Nuit GHW","S$3,300"
"14",14,"Luxury","Bags & Wallets","Serpenti Forever Pochette","S$1,200"
"15",15,"Luxury","Bags & Wallets","Ysl Cabas Y Chyc bag","S$1,600"
"16",16,"Luxury","Bags & Wallets","Hermes Picotin 18 Etoupe","S$5,950"
"17",17,"Luxury","Bags & Wallets","Gucci Sylvia Mini","S$1,000"
"18",18,"Luxury","Bags & Wallets","C0ACH CE849 joint name is cute~ The bag is small and cute, very suitable for petite girls. Practical and youthful shoulder bag side backpack female bag","S$100"
"19",19,"Luxury","Bags & Wallets","No brand","S$20"
"20",20,"Luxury","Bags & Wallets","Salvatore Ferragamo","S$800"
"21",21,"Luxury","Bags & Wallets","GUCCI Soho bag in turquoise blue suede calf leather","S$800"
"22",22,"Luxury","Bags & Wallets","$1499 Fast LV Sling Bag Like New Condition","S$1,590"
"23",23,"Luxury","Bags & Wallets","authentic LV N41102 Westminster PM Damier","S$950"
"24",24,"Luxury","Bags & Wallets","Mini Evelyne 2Z Bleu","S$3,150"
"25",25,"Luxury","Bags & Wallets","Waist bag","S$350"
"26",26,"Luxury","Bags & Wallets","Chanel Classic Medium Black Caviar Flap Silver Hardware Bag","S$8,250"
"27",27,"Luxury","Bags & Wallets","Bag Organisers 11.11 Sale","S$26.80"
"28",28,"Luxury","Bags & Wallets","Pre-owned Louis Vuitton Mini Boite a Chapeau Crossbody Bag Monogram Canvas","S$3,000"
"29",29,"Luxury","Bags & Wallets","BRAND NEW HERMES WALLET AZAP SILK IN COMPACT","S$1,888"
"30",30,"Luxury","Bags & Wallets","Louis Vuitton Deauville","S$250"
"31",31,"Luxury","Bags & Wallets","Hermes Birkin 30 Etoupe Togo GHW","S$28,800"
"32",32,"Luxury","Bags & Wallets","LV Dauphine WOC","S$2,800"
"33",33,"Luxury","Bags & Wallets","Chanel Vanity in Pink ðŸ’–","S$4,200"
"34",34,"Luxury","Bags & Wallets","Hermes Dogon Duo Wallet","S$1,680"
"35",35,"Luxury","Bags & Wallets","Prada zipped continental wallet","S$530"
"36",36,"Luxury","Bags & Wallets","Kate Spade Bag","S$150"
"37",37,"Luxury","Bags & Wallets","Gucci Horsebit 1955 mini bag","S$1,290"
"38",38,"Luxury","Bags & Wallets","BNWT Save My Bag Missy (Sustainable) in Sky","S$128"
"39",39,"Luxury","Bags & Wallets","Hermes Roulis Slim Wallet","S$3,600"
"40",40,"Luxury","Bags & Wallets","authentic 100%","S$57"
"41",41,"Luxury","Bags & Wallets","Mulberry Vintage Maxwell grained leather messenger bag","S$500"
"42",42,"Luxury","Bags & Wallets","authentic Prada BR4987 tessuto+saffian shoulder bag","S$280"
"43",43,"Luxury","Bags & Wallets","Dior Bobby East West","S$4,500"
"44",44,"Luxury","Bags & Wallets","Loewe Small Gate Bag in Smooth Calfskin","S$2,450"
"45",45,"Luxury","Bags & Wallets","Authentic Prada Nylon Pouch","S$260"
"46",46,"Luxury","Bags & Wallets","Fion bag","S$80"
"47",47,"Luxury","Bags & Wallets","Louis Vuitton - Laptop Sleeves Damier Graphite","S$890"
"48",48,"Luxury","Bags & Wallets","LV ONTHEGO MM SIZE AUTHENTIC","S$4,100"
"49",49,"Luxury","Bags & Wallets","2023 Rabbit Year Hongbao Packet","S$28.80"
"50",50,"Luxury","Bags & Wallets","!NEW! Fjallraven Kanken Bag for Children / Toddler Black Stripped Uni sex","S$65"
"51",51,"Luxury","Bags & Wallets","Louis Vuitton Montsouris Backpack GM monogram","S$780"
"52",52,"Luxury","Bags & Wallets","Louis Vuitton Monogram Felicie Pochette","S$1,650"
"53",53,"Luxury","Bags & Wallets","Coach Bag","S$350"
"54",54,"Luxury","Bags & Wallets","MK Authentic cross body","S$50"
"55",55,"Luxury","Bags & Wallets","Chanel 21K My Perfect Mini Square Flap Caviar Pink","S$7,500"
"56",56,"Luxury","Bags & Wallets","Givenchy Pandora Wristlet","S$600"
"57",57,"Luxury","Bags & Wallets","Hermes Birkin 25 Taurillon Clemence","S$30,000"
"58",58,"Luxury","Bags & Wallets","Gucci and longchamp","S$150"
"59",59,"Luxury","Bags & Wallets","Dior Saddle Blue Oblique Bag","S$3,200"
"60",60,"Luxury","Bags & Wallets","Dior East West Blue Dior Oblique Jacquard medium","S$5,200"
"61",61,"Luxury","Bags & Wallets","Kenzo Clutch Bag","S$200"
"62",62,"Luxury","Bags & Wallets","Louis vuitton duo messenger","S$3,200"
"63",63,"Luxury","Bags & Wallets","AUTHENTIC KATE SPADE -TINSEL SMALL DOME CROSSBODY","S$160"
"64",64,"Luxury","Bags & Wallets","LV Caryall Monogram","S$4,900"
"65",65,"Luxury","Bags & Wallets","LV Slender Wallet (Damier Graphite)","S$600"
"66",66,"Luxury","Bags & Wallets","Motor biker bags","S$90"
"67",67,"Luxury","Bags & Wallets","Michael Kors Selma Large Blue","S$65"
"68",68,"Luxury","Bags & Wallets","Louis Vuitton LV Slim Purse Card Wallet","S$720"
"69",69,"Luxury","Bags & Wallets","Longchamp Bag","S$60"
"70",70,"Luxury","Bags & Wallets","Black Genuine Crocodile Belly leather HandBag","S$2,490"
"71",71,"Luxury","Bags & Wallets","Balenciaga City Bag Dark Grey","S$550"
"72",72,"Luxury","Bags & Wallets","Salvatore Ferragamo Tote Bag","S$488"
"73",73,"Luxury","Bags & Wallets","bottega veneta medium cabat in blue braided leather","S$1,900"
"74",74,"Luxury","Bags & Wallets","STEAL ðŸš¨ Celine Triomphe Macadam Monogram Logo Vintage Tote Bag Authentic","S$400"
"75",75,"Luxury","Bags & Wallets","Balenciaga Everday Tote ( Dark Grey)","S$800"
"76",76,"Luxury","Bags & Wallets","Chanel Classic Jumbo","S$6,200"
"77",77,"Luxury","Bags & Wallets","Dior My Lady Dior Gray in Lambskin & Gold Hardware","S$4,590"
"78",78,"Luxury","Bags & Wallets","Chloe woody tote with strap","S$1,000"
"79",79,"Luxury","Bags & Wallets","#30 LNIB Chanel Classic Flap Medium Black Caviar GHW","S$11,580"
"80",80,"Luxury","Bags & Wallets","Bag","S$6"
"81",81,"Luxury","Bags & Wallets","Louis Vuitton Wallet (Outer Pink, Inner Orange)","S$1,200"
"82",82,"Luxury","Bags & Wallets","Che Che multi way bag","S$200"
"83",83,"Luxury","Bags & Wallets","White Custom made Handmade Genuine Python Handbag","S$690"
"84",84,"Luxury","Bags & Wallets","[Pre-order] Chanel 19 medium","S$6,300"
"85",85,"Luxury","Bags & Wallets","BNIB Chanel Small Gabrielle Calfskin Navy Blue No 29","S$4,950"
"86",86,"Luxury","Bags & Wallets","ðŸŒ²XMAS SALE!ðŸŒ² AUTH. CHANEL VINTAGE DIANA MEDIUM LAMB GHW","S$3,699"
"87",87,"Luxury","Bags & Wallets","Dior Saddle Medium Black Calf Grain Bag","S$3,690"
"88",88,"Luxury","Bags & Wallets","Palermo PM Bag","S$800"
"89",89,"Luxury","Bags & Wallets","MCM Tracy Round Crossbody in Visetos","S$700"
"90",90,"Luxury","Bags & Wallets","LV Crosiette Damier","S$1,850"
"91",91,"Luxury","Bags & Wallets","BIMBA Y LOLA tote bag can nego price","S$320"
"92",92,"Luxury","Bags & Wallets","Classy Prada","S$3,500"
"93",93,"Luxury","Bags & Wallets","Chanel","S$5,800"
"94",94,"Luxury","Bags & Wallets","Louis Vuitton on the go pm","S$3,900"
"95",95,"Luxury","Bags & Wallets","Classic YSL Cassandre Shoulder Bag","S$900"
"96",96,"Luxury","Bags & Wallets","Hermes Lindy 26","S$15,300"
"97",97,"Luxury","Bags & Wallets","Vintage Brown CC Lock Pocket Quilted Shopping Tote","S$2,990"
"98",98,"Luxury","Bags & Wallets","Hermes Birkin25 Blanc Himalaya Niloticus Crocodile PHW","S$270,000"
"99",99,"Luxury","Bags & Wallets","Louis Vuitton Hampstead Tote Bag","S$1,600"
"100",100,"Luxury","Bags & Wallets","Kate Spade Chelsea Quilted Tote Bag","S$190"
"101",101,"Luxury",NA,NA,NA
"102",102,"Luxury",NA,NA,NA
"103",103,"Luxury",NA,NA,NA
"104",104,"Luxury",NA,NA,NA
"105",105,"Luxury",NA,NA,NA
"106",106,"Luxury",NA,NA,NA
"107",107,"Luxury",NA,NA,NA
"108",108,"Luxury",NA,NA,NA
"109",109,"Luxury",NA,NA,NA
"110",110,"Luxury",NA,NA,NA
"111",111,"Luxury",NA,NA,NA
"112",112,"Luxury",NA,NA,NA
"113",113,"Luxury",NA,NA,NA
"114",114,"Luxury",NA,NA,NA
"115",115,"Luxury",NA,NA,NA
"116",116,"Luxury",NA,NA,NA
"117",117,"Luxury",NA,NA,NA
"118",118,"Luxury",NA,NA,NA
"119",119,"Luxury",NA,NA,NA
"120",120,"Luxury",NA,NA,NA
"121",121,"Luxury",NA,NA,NA
"122",122,"Luxury",NA,NA,NA
"123",123,"Luxury",NA,NA,NA
"124",124,"Luxury",NA,NA,NA
"125",125,"Luxury",NA,NA,NA
"126",126,"Luxury",NA,NA,NA
"127",127,"Luxury",NA,NA,NA
"128",128,"Luxury",NA,NA,NA
"129",129,"Luxury",NA,NA,NA
"130",130,"Luxury",NA,NA,NA
"131",131,"Luxury",NA,NA,NA
"132",132,"Luxury",NA,NA,NA
"133",133,"Luxury",NA,NA,NA
"134",134,"Luxury",NA,NA,NA
"135",135,"Luxury",NA,NA,NA
"136",136,"Luxury",NA,NA,NA
"137",137,"Luxury",NA,NA,NA
"138",138,"Luxury",NA,NA,NA
"139",139,"Luxury",NA,NA,NA
"140",140,"Luxury",NA,NA,NA
"141",141,"Luxury",NA,NA,NA
"142",142,"Luxury",NA,NA,NA
"143",143,"Luxury",NA,NA,NA
"144",144,"Luxury",NA,NA,NA
"145",145,"Luxury",NA,NA,NA
"146",146,"Luxury",NA,NA,NA
"147",147,"Luxury",NA,NA,NA
"148",148,"Luxury",NA,NA,NA
"149",149,"Luxury",NA,NA,NA
"150",150,"Luxury",NA,NA,NA
"151",151,"Luxury",NA,NA,NA
"152",152,"Luxury",NA,NA,NA
"153",153,"Luxury",NA,NA,NA
"154",154,"Luxury",NA,NA,NA
"155",155,"Luxury",NA,NA,NA
"156",156,"Luxury",NA,NA,NA
"157",157,"Luxury",NA,NA,NA
"158",158,"Luxury",NA,NA,NA
"159",159,"Luxury",NA,NA,NA
"160",160,"Luxury",NA,NA,NA
"161",161,"Luxury",NA,NA,NA
"162",162,"Luxury",NA,NA,NA
"163",163,"Luxury",NA,NA,NA
"164",164,"Luxury",NA,NA,NA
"165",165,"Luxury",NA,NA,NA
"166",166,"Luxury",NA,NA,NA
"167",167,"Luxury",NA,NA,NA
"168",168,"Luxury",NA,NA,NA
"169",169,"Luxury",NA,NA,NA
"170",170,"Luxury",NA,NA,NA
"171",171,"Luxury",NA,NA,NA
"172",172,"Luxury",NA,NA,NA
"173",173,"Luxury",NA,NA,NA
"174",174,"Luxury",NA,NA,NA
"175",175,"Luxury",NA,NA,NA
"176",176,"Luxury",NA,NA,NA
"177",177,"Luxury",NA,NA,NA
"178",178,"Luxury",NA,NA,NA
"179",179,"Luxury",NA,NA,NA
"180",180,"Luxury",NA,NA,NA
"181",181,"Luxury",NA,NA,NA
"182",182,"Luxury",NA,NA,NA
"183",183,"Luxury",NA,NA,NA
"184",184,"Luxury",NA,NA,NA
"185",185,"Luxury",NA,NA,NA
"186",186,"Luxury",NA,NA,NA
"187",187,"Luxury",NA,NA,NA
"188",188,"Luxury",NA,NA,NA
"189",189,"Luxury",NA,NA,NA
"190",190,"Luxury",NA,NA,NA
"191",191,"Luxury",NA,NA,NA
"192",192,"Luxury",NA,NA,NA
"193",193,"Luxury",NA,NA,NA
"194",194,"Luxury",NA,NA,NA
"195",195,"Luxury",NA,NA,NA
"196",196,"Luxury",NA,NA,NA
"197",197,"Luxury",NA,NA,NA
"198",198,"Luxury",NA,NA,NA
"199",199,"Luxury",NA,NA,NA
"200",200,"Luxury",NA,NA,NA
"201",201,"Luxury",NA,NA,NA
"202",202,"Luxury",NA,NA,NA
"203",203,"Luxury",NA,NA,NA
"204",204,"Luxury",NA,NA,NA
"205",205,"Luxury",NA,NA,NA
"206",206,"Luxury",NA,NA,NA
"207",207,"Luxury",NA,NA,NA
"208",208,"Luxury",NA,NA,NA
"209",209,"Luxury",NA,NA,NA
"210",210,"Luxury",NA,NA,NA
"211",211,"Luxury",NA,NA,NA
"212",212,"Luxury",NA,NA,NA
"213",213,"Luxury",NA,NA,NA
"214",214,"Luxury",NA,NA,NA
"215",215,"Luxury",NA,NA,NA
"216",216,"Luxury",NA,NA,NA
"217",217,"Luxury",NA,NA,NA
"218",218,"Luxury",NA,NA,NA
"219",219,"Luxury",NA,NA,NA
"220",220,"Luxury",NA,NA,NA
"221",221,"Luxury",NA,NA,NA
"222",222,"Luxury",NA,NA,NA
"223",223,"Luxury",NA,NA,NA
"224",224,"Luxury",NA,NA,NA
"225",225,"Luxury",NA,NA,NA
"226",226,"Luxury",NA,NA,NA
"227",227,"Luxury",NA,NA,NA
"228",228,"Luxury",NA,NA,NA
"229",229,"Luxury",NA,NA,NA
"230",230,"Luxury",NA,NA,NA
"231",231,"Luxury",NA,NA,NA
"232",232,"Luxury",NA,NA,NA
"233",233,"Luxury",NA,NA,NA
"234",234,"Luxury",NA,NA,NA
"235",235,"Luxury",NA,NA,NA
"236",236,"Luxury",NA,NA,NA
"237",237,"Luxury",NA,NA,NA
"238",238,"Luxury",NA,NA,NA
"239",239,"Luxury",NA,NA,NA
"240",240,"Luxury",NA,NA,NA
"241",241,"Luxury",NA,NA,NA
"242",242,"Luxury",NA,NA,NA
"243",243,"Luxury",NA,NA,NA
"244",244,"Luxury",NA,NA,NA
"245",245,"Luxury",NA,NA,NA
"246",246,"Luxury",NA,NA,NA
"247",247,"Luxury",NA,NA,NA
"248",248,"Luxury",NA,NA,NA
"249",249,"Luxury",NA,NA,NA
"250",250,"Luxury",NA,NA,NA
"251",251,"Luxury",NA,NA,NA
"252",252,"Luxury",NA,NA,NA
"253",253,"Luxury",NA,NA,NA
"254",254,"Luxury",NA,NA,NA
"255",255,"Luxury",NA,NA,NA
"256",256,"Luxury",NA,NA,NA
"257",257,"Luxury",NA,NA,NA
"258",258,"Luxury",NA,NA,NA
"259",259,"Luxury",NA,NA,NA
"260",260,"Luxury",NA,NA,NA
"261",261,"Luxury",NA,NA,NA
"262",262,"Luxury",NA,NA,NA
"263",263,"Luxury",NA,NA,NA
"264",264,"Luxury",NA,NA,NA
"265",265,"Luxury",NA,NA,NA
"266",266,"Luxury",NA,NA,NA
"267",267,"Luxury",NA,NA,NA
"268",268,"Luxury",NA,NA,NA
"269",269,"Luxury",NA,NA,NA
"270",270,"Luxury",NA,NA,NA
"271",271,"Luxury",NA,NA,NA
"272",272,"Luxury",NA,NA,NA
"273",273,"Luxury",NA,NA,NA
"274",274,"Luxury",NA,NA,NA
"275",275,"Luxury",NA,NA,NA
"276",276,"Luxury",NA,NA,NA
"277",277,"Luxury",NA,NA,NA
"278",278,"Luxury",NA,NA,NA
"279",279,"Luxury",NA,NA,NA
"280",280,"Luxury",NA,NA,NA
"281",281,"Luxury",NA,NA,NA
"282",282,"Luxury",NA,NA,NA
"283",283,"Luxury",NA,NA,NA
"284",284,"Luxury",NA,NA,NA
"285",285,"Luxury",NA,NA,NA
"286",286,"Luxury",NA,NA,NA
"287",287,"Luxury",NA,NA,NA
"288",288,"Luxury",NA,NA,NA
"289",289,"Luxury",NA,NA,NA
"290",290,"Luxury",NA,NA,NA
"291",291,"Luxury",NA,NA,NA
"292",292,"Luxury",NA,NA,NA
"293",293,"Luxury",NA,NA,NA
"294",294,"Luxury",NA,NA,NA
"295",295,"Luxury",NA,NA,NA
"296",296,"Luxury",NA,NA,NA
"297",297,"Luxury",NA,NA,NA
"298",298,"Luxury",NA,NA,NA
"299",299,"Luxury",NA,NA,NA
"300",300,"Luxury",NA,NA,NA
"301",301,"Luxury",NA,NA,NA
"302",302,"Luxury",NA,NA,NA
"303",303,"Luxury",NA,NA,NA
"304",304,"Luxury",NA,NA,NA
"305",305,"Luxury",NA,NA,NA
"306",306,"Luxury",NA,NA,NA
"307",307,"Luxury",NA,NA,NA
"308",308,"Luxury",NA,NA,NA
"309",309,"Luxury",NA,NA,NA
"310",310,"Luxury",NA,NA,NA
"311",311,"Luxury",NA,NA,NA
"312",312,"Luxury",NA,NA,NA
"313",313,"Luxury",NA,NA,NA
"314",314,"Luxury",NA,NA,NA
"315",315,"Luxury",NA,NA,NA
"316",316,"Luxury",NA,NA,NA
"317",317,"Luxury",NA,NA,NA
"318",318,"Luxury",NA,NA,NA
"319",319,"Luxury",NA,NA,NA
"320",320,"Luxury",NA,NA,NA
"321",321,"Luxury",NA,NA,NA
"322",322,"Luxury",NA,NA,NA
"323",323,"Luxury",NA,NA,NA
"324",324,"Luxury",NA,NA,NA
"325",325,"Luxury",NA,NA,NA
"326",326,"Luxury",NA,NA,NA
"327",327,"Luxury",NA,NA,NA
"328",328,"Luxury",NA,NA,NA
"329",329,"Luxury",NA,NA,NA
"330",330,"Luxury",NA,NA,NA
"331",331,"Luxury",NA,NA,NA
"332",332,"Luxury",NA,NA,NA
"333",333,"Luxury",NA,NA,NA
"334",334,"Luxury",NA,NA,NA
"335",335,"Luxury",NA,NA,NA
"336",336,"Luxury",NA,NA,NA
"337",337,"Luxury",NA,NA,NA
"338",338,"Luxury",NA,NA,NA
"339",339,"Luxury",NA,NA,NA
"340",340,"Luxury",NA,NA,NA
"341",341,"Luxury",NA,NA,NA
"342",342,"Luxury",NA,NA,NA
"343",343,"Luxury",NA,NA,NA
"344",344,"Luxury",NA,NA,NA
"345",345,"Luxury",NA,NA,NA
"346",346,"Luxury",NA,NA,NA
"347",347,"Luxury",NA,NA,NA
"348",348,"Luxury",NA,NA,NA
"349",349,"Luxury",NA,NA,NA
"350",350,"Luxury",NA,NA,NA
"351",351,"Luxury",NA,NA,NA
"352",352,"Luxury",NA,NA,NA
"353",353,"Luxury",NA,NA,NA
"354",354,"Luxury",NA,NA,NA
"355",355,"Luxury",NA,NA,NA
"356",356,"Luxury",NA,NA,NA
"357",357,"Luxury",NA,NA,NA
"358",358,"Luxury",NA,NA,NA
"359",359,"Luxury",NA,NA,NA
"360",360,"Luxury",NA,NA,NA
"361",361,"Luxury",NA,NA,NA
"362",362,"Luxury",NA,NA,NA
"363",363,"Luxury",NA,NA,NA
"364",364,"Luxury",NA,NA,NA
"365",365,"Luxury",NA,NA,NA
"366",366,"Luxury",NA,NA,NA
"367",367,"Luxury",NA,NA,NA
"368",368,"Luxury",NA,NA,NA
"369",369,"Luxury",NA,NA,NA
"370",370,"Luxury",NA,NA,NA
"371",371,"Luxury",NA,NA,NA
"372",372,"Luxury",NA,NA,NA
"373",373,"Luxury",NA,NA,NA
"374",374,"Luxury",NA,NA,NA
"375",375,"Luxury",NA,NA,NA
"376",376,"Luxury",NA,NA,NA
"377",377,"Luxury",NA,NA,NA
"378",378,"Luxury",NA,NA,NA
"379",379,"Luxury",NA,NA,NA
"380",380,"Luxury",NA,NA,NA
"381",381,"Luxury",NA,NA,NA
"382",382,"Luxury",NA,NA,NA
"383",383,"Luxury",NA,NA,NA
"384",384,"Luxury",NA,NA,NA
"385",385,"Luxury",NA,NA,NA
"386",386,"Luxury",NA,NA,NA
"387",387,"Luxury",NA,NA,NA
"388",388,"Luxury",NA,NA,NA
"389",389,"Luxury",NA,NA,NA
"390",390,"Luxury",NA,NA,NA
"391",391,"Luxury",NA,NA,NA
"392",392,"Luxury",NA,NA,NA
"393",393,"Luxury",NA,NA,NA
"394",394,"Luxury",NA,NA,NA
"395",395,"Luxury",NA,NA,NA
"396",396,"Luxury",NA,NA,NA
"397",397,"Luxury",NA,NA,NA
"398",398,"Luxury",NA,NA,NA
"399",399,"Luxury",NA,NA,NA
"400",400,"Luxury",NA,NA,NA
"401",401,"Luxury",NA,NA,NA
"402",402,"Luxury",NA,NA,NA
"403",403,"Luxury",NA,NA,NA
"404",404,"Luxury",NA,NA,NA
"405",405,"Luxury",NA,NA,NA
"406",406,"Luxury",NA,NA,NA
"407",407,"Luxury",NA,NA,NA
"408",408,"Luxury",NA,NA,NA
"409",409,"Luxury",NA,NA,NA
"410",410,"Luxury",NA,NA,NA
"411",411,"Luxury",NA,NA,NA
"412",412,"Luxury",NA,NA,NA
"413",413,"Luxury",NA,NA,NA
"414",414,"Luxury",NA,NA,NA
"415",415,"Luxury",NA,NA,NA
"416",416,"Luxury",NA,NA,NA
"417",417,"Luxury",NA,NA,NA
"418",418,"Luxury",NA,NA,NA
"419",419,"Luxury",NA,NA,NA
"420",420,"Luxury",NA,NA,NA
"421",421,"Luxury",NA,NA,NA
"422",422,"Luxury",NA,NA,NA
"423",423,"Luxury",NA,NA,NA
"424",424,"Luxury",NA,NA,NA
"425",425,"Luxury",NA,NA,NA
"426",426,"Luxury",NA,NA,NA
"427",427,"Luxury",NA,NA,NA
"428",428,"Luxury",NA,NA,NA
"429",429,"Luxury",NA,NA,NA
"430",430,"Luxury",NA,NA,NA
"431",431,"Luxury",NA,NA,NA
"432",432,"Luxury",NA,NA,NA
"433",433,"Luxury",NA,NA,NA
"434",434,"Luxury",NA,NA,NA
"435",435,"Luxury",NA,NA,NA
"436",436,"Luxury",NA,NA,NA
"437",437,"Luxury",NA,NA,NA
"438",438,"Luxury",NA,NA,NA
"439",439,"Luxury",NA,NA,NA
"440",440,"Luxury",NA,NA,NA
"441",441,"Luxury",NA,NA,NA
"442",442,"Luxury",NA,NA,NA
"443",443,"Luxury",NA,NA,NA
"444",444,"Luxury",NA,NA,NA
"445",445,"Luxury",NA,NA,NA
"446",446,"Luxury",NA,NA,NA
"447",447,"Luxury",NA,NA,NA
"448",448,"Luxury",NA,NA,NA
"449",449,"Luxury",NA,NA,NA
"450",450,"Luxury",NA,NA,NA
"451",451,"Luxury",NA,NA,NA
"452",452,"Luxury",NA,NA,NA
"453",453,"Luxury",NA,NA,NA
"454",454,"Luxury",NA,NA,NA
"455",455,"Luxury",NA,NA,NA
"456",456,"Luxury",NA,NA,NA
"457",457,"Luxury",NA,NA,NA
"458",458,"Luxury",NA,NA,NA
"459",459,"Luxury",NA,NA,NA
"460",460,"Luxury",NA,NA,NA
"461",461,"Luxury",NA,NA,NA
"462",462,"Luxury",NA,NA,NA
"463",463,"Luxury",NA,NA,NA
"464",464,"Luxury",NA,NA,NA
"465",465,"Luxury",NA,NA,NA
"466",466,"Luxury",NA,NA,NA
"467",467,"Luxury",NA,NA,NA
"468",468,"Luxury",NA,NA,NA
"469",469,"Luxury",NA,NA,NA
"470",470,"Luxury",NA,NA,NA
"471",471,"Luxury",NA,NA,NA
"472",472,"Luxury",NA,NA,NA
"473",473,"Luxury",NA,NA,NA
"474",474,"Luxury",NA,NA,NA
"475",475,"Luxury",NA,NA,NA
"476",476,"Luxury",NA,NA,NA
"477",477,"Luxury",NA,NA,NA
"478",478,"Luxury",NA,NA,NA
"479",479,"Luxury",NA,NA,NA
"480",480,"Luxury",NA,NA,NA
"481",481,"Luxury",NA,NA,NA
"482",482,"Luxury",NA,NA,NA
"483",483,"Luxury",NA,NA,NA
"484",484,"Luxury",NA,NA,NA
"485",485,"Luxury",NA,NA,NA
"486",486,"Luxury",NA,NA,NA
"487",487,"Luxury",NA,NA,NA
"488",488,"Luxury",NA,NA,NA
"489",489,"Luxury",NA,NA,NA
"490",490,"Luxury",NA,NA,NA
"491",491,"Luxury",NA,NA,NA
"492",492,"Luxury",NA,NA,NA
"493",493,"Luxury",NA,NA,NA
"494",494,"Luxury",NA,NA,NA
"495",495,"Luxury",NA,NA,NA
"496",496,"Luxury",NA,NA,NA
"497",497,"Luxury",NA,NA,NA
"498",498,"Luxury",NA,NA,NA
"499",499,"Luxury",NA,NA,NA
"500",500,"Luxury",NA,NA,NA
"501",501,NA,NA,NA,NA
"502",502,NA,NA,NA,NA
"503",503,NA,NA,NA,NA
"504",504,NA,NA,NA,NA
"505",505,NA,NA,NA,NA
"506",506,NA,NA,NA,NA
"507",507,NA,NA,NA,NA
"508",508,NA,NA,NA,NA
"509",509,NA,NA,NA,NA
"510",510,NA,NA,NA,NA
"511",511,NA,NA,NA,NA
"512",512,NA,NA,NA,NA
"513",513,NA,NA,NA,NA
"514",514,NA,NA,NA,NA
"515",515,NA,NA,NA,NA
"516",516,NA,NA,NA,NA
"517",517,NA,NA,NA,NA
"518",518,NA,NA,NA,NA
"519",519,NA,NA,NA,NA
"520",520,NA,NA,NA,NA
"521",521,NA,NA,NA,NA
"522",522,NA,NA,NA,NA
"523",523,NA,NA,NA,NA
"524",524,NA,NA,NA,NA
"525",525,NA,NA,NA,NA
"526",526,NA,NA,NA,NA
"527",527,NA,NA,NA,NA
"528",528,NA,NA,NA,NA
"529",529,NA,NA,NA,NA
"530",530,NA,NA,NA,NA
"531",531,NA,NA,NA,NA
"532",532,NA,NA,NA,NA
"533",533,NA,NA,NA,NA
"534",534,NA,NA,NA,NA
"535",535,NA,NA,NA,NA
"536",536,NA,NA,NA,NA
"537",537,NA,NA,NA,NA
"538",538,NA,NA,NA,NA
"539",539,NA,NA,NA,NA
"540",540,NA,NA,NA,NA
"541",541,NA,NA,NA,NA
"542",542,NA,NA,NA,NA
"543",543,NA,NA,NA,NA
"544",544,NA,NA,NA,NA
"545",545,NA,NA,NA,NA
"546",546,NA,NA,NA,NA
"547",547,NA,NA,NA,NA
"548",548,NA,NA,NA,NA
"549",549,NA,NA,NA,NA
"550",550,NA,NA,NA,NA
"551",551,NA,NA,NA,NA
"552",552,NA,NA,NA,NA
"553",553,NA,NA,NA,NA
"554",554,NA,NA,NA,NA
"555",555,NA,NA,NA,NA
"556",556,NA,NA,NA,NA
"557",557,NA,NA,NA,NA
"558",558,NA,NA,NA,NA
"559",559,NA,NA,NA,NA
"560",560,NA,NA,NA,NA
"561",561,NA,NA,NA,NA
"562",562,NA,NA,NA,NA
"563",563,NA,NA,NA,NA
"564",564,NA,NA,NA,NA
"565",565,NA,NA,NA,NA
"566",566,NA,NA,NA,NA
"567",567,NA,NA,NA,NA
"568",568,NA,NA,NA,NA
"569",569,NA,NA,NA,NA
"570",570,NA,NA,NA,NA
"571",571,NA,NA,NA,NA
"572",572,NA,NA,NA,NA
"573",573,NA,NA,NA,NA
"574",574,NA,NA,NA,NA
"575",575,NA,NA,NA,NA
"576",576,NA,NA,NA,NA
"577",577,NA,NA,NA,NA
"578",578,NA,NA,NA,NA
"579",579,NA,NA,NA,NA
"580",580,NA,NA,NA,NA
"581",581,NA,NA,NA,NA
"582",582,NA,NA,NA,NA
"583",583,NA,NA,NA,NA
"584",584,NA,NA,NA,NA
"585",585,NA,NA,NA,NA
"586",586,NA,NA,NA,NA
"587",587,NA,NA,NA,NA
"588",588,NA,NA,NA,NA
"589",589,NA,NA,NA,NA
"590",590,NA,NA,NA,NA
"591",591,NA,NA,NA,NA
"592",592,NA,NA,NA,NA
"593",593,NA,NA,NA,NA
"594",594,NA,NA,NA,NA
"595",595,NA,NA,NA,NA
"596",596,NA,NA,NA,NA
"597",597,NA,NA,NA,NA
"598",598,NA,NA,NA,NA
"599",599,NA,NA,NA,NA
"600",600,NA,NA,NA,NA
"601",601,NA,NA,NA,NA
"602",602,NA,NA,NA,NA
"603",603,NA,NA,NA,NA
"604",604,NA,NA,NA,NA
"605",605,NA,NA,NA,NA
"606",606,NA,NA,NA,NA
"607",607,NA,NA,NA,NA
"608",608,NA,NA,NA,NA
"609",609,NA,NA,NA,NA
"610",610,NA,NA,NA,NA
"611",611,NA,NA,NA,NA
"612",612,NA,NA,NA,NA
"613",613,NA,NA,NA,NA
"614",614,NA,NA,NA,NA
"615",615,NA,NA,NA,NA
"616",616,NA,NA,NA,NA
"617",617,NA,NA,NA,NA
"618",618,NA,NA,NA,NA
"619",619,NA,NA,NA,NA
"620",620,NA,NA,NA,NA
"621",621,NA,NA,NA,NA
"622",622,NA,NA,NA,NA
"623",623,NA,NA,NA,NA
"624",624,NA,NA,NA,NA
"625",625,NA,NA,NA,NA
"626",626,NA,NA,NA,NA
"627",627,NA,NA,NA,NA
"628",628,NA,NA,NA,NA
"629",629,NA,NA,NA,NA
"630",630,NA,NA,NA,NA
"631",631,NA,NA,NA,NA
"632",632,NA,NA,NA,NA
"633",633,NA,NA,NA,NA
"634",634,NA,NA,NA,NA
"635",635,NA,NA,NA,NA
"636",636,NA,NA,NA,NA
"637",637,NA,NA,NA,NA
"638",638,NA,NA,NA,NA
"639",639,NA,NA,NA,NA
"640",640,NA,NA,NA,NA
"641",641,NA,NA,NA,NA
"642",642,NA,NA,NA,NA
"643",643,NA,NA,NA,NA
"644",644,NA,NA,NA,NA
"645",645,NA,NA,NA,NA
"646",646,NA,NA,NA,NA
"647",647,NA,NA,NA,NA
"648",648,NA,NA,NA,NA
"649",649,NA,NA,NA,NA
"650",650,NA,NA,NA,NA
"651",651,NA,NA,NA,NA
"652",652,NA,NA,NA,NA
"653",653,NA,NA,NA,NA
"654",654,NA,NA,NA,NA
"655",655,NA,NA,NA,NA
"656",656,NA,NA,NA,NA
"657",657,NA,NA,NA,NA
"658",658,NA,NA,NA,NA
"659",659,NA,NA,NA,NA
"660",660,NA,NA,NA,NA
"661",661,NA,NA,NA,NA
"662",662,NA,NA,NA,NA
"663",663,NA,NA,NA,NA
"664",664,NA,NA,NA,NA
"665",665,NA,NA,NA,NA
"666",666,NA,NA,NA,NA
"667",667,NA,NA,NA,NA
"668",668,NA,NA,NA,NA
"669",669,NA,NA,NA,NA
"670",670,NA,NA,NA,NA
"671",671,NA,NA,NA,NA
"672",672,NA,NA,NA,NA
"673",673,NA,NA,NA,NA
"674",674,NA,NA,NA,NA
"675",675,NA,NA,NA,NA
"676",676,NA,NA,NA,NA
"677",677,NA,NA,NA,NA
"678",678,NA,NA,NA,NA
"679",679,NA,NA,NA,NA
"680",680,NA,NA,NA,NA
"681",681,NA,NA,NA,NA
"682",682,NA,NA,NA,NA
"683",683,NA,NA,NA,NA
"684",684,NA,NA,NA,NA
"685",685,NA,NA,NA,NA
"686",686,NA,NA,NA,NA
"687",687,NA,NA,NA,NA
"688",688,NA,NA,NA,NA
"689",689,NA,NA,NA,NA
"690",690,NA,NA,NA,NA
"691",691,NA,NA,NA,NA
"692",692,NA,NA,NA,NA
"693",693,NA,NA,NA,NA
"694",694,NA,NA,NA,NA
"695",695,NA,NA,NA,NA
"696",696,NA,NA,NA,NA
"697",697,NA,NA,NA,NA
"698",698,NA,NA,NA,NA
"699",699,NA,NA,NA,NA
"700",700,NA,NA,NA,NA
"701",701,NA,NA,NA,NA
"702",702,NA,NA,NA,NA
"703",703,NA,NA,NA,NA
"704",704,NA,NA,NA,NA
"705",705,NA,NA,NA,NA
"706",706,NA,NA,NA,NA
"707",707,NA,NA,NA,NA
"708",708,NA,NA,NA,NA
"709",709,NA,NA,NA,NA
"710",710,NA,NA,NA,NA
"711",711,NA,NA,NA,NA
"712",712,NA,NA,NA,NA
"713",713,NA,NA,NA,NA
"714",714,NA,NA,NA,NA
"715",715,NA,NA,NA,NA
"716",716,NA,NA,NA,NA
"717",717,NA,NA,NA,NA
"718",718,NA,NA,NA,NA
"719",719,NA,NA,NA,NA
"720",720,NA,NA,NA,NA
"721",721,NA,NA,NA,NA
"722",722,NA,NA,NA,NA
"723",723,NA,NA,NA,NA
"724",724,NA,NA,NA,NA
"725",725,NA,NA,NA,NA
"726",726,NA,NA,NA,NA
"727",727,NA,NA,NA,NA
"728",728,NA,NA,NA,NA
"729",729,NA,NA,NA,NA
"730",730,NA,NA,NA,NA
"731",731,NA,NA,NA,NA
"732",732,NA,NA,NA,NA
"733",733,NA,NA,NA,NA
"734",734,NA,NA,NA,NA
"735",735,NA,NA,NA,NA
"736",736,NA,NA,NA,NA
"737",737,NA,NA,NA,NA
"738",738,NA,NA,NA,NA
"739",739,NA,NA,NA,NA
"740",740,NA,NA,NA,NA
"741",741,NA,NA,NA,NA
"742",742,NA,NA,NA,NA
"743",743,NA,NA,NA,NA
"744",744,NA,NA,NA,NA
"745",745,NA,NA,NA,NA
"746",746,NA,NA,NA,NA
"747",747,NA,NA,NA,NA
"748",748,NA,NA,NA,NA
"749",749,NA,NA,NA,NA
"750",750,NA,NA,NA,NA
"751",751,NA,NA,NA,NA
"752",752,NA,NA,NA,NA
"753",753,NA,NA,NA,NA
"754",754,NA,NA,NA,NA
"755",755,NA,NA,NA,NA
"756",756,NA,NA,NA,NA
"757",757,NA,NA,NA,NA
"758",758,NA,NA,NA,NA
"759",759,NA,NA,NA,NA
"760",760,NA,NA,NA,NA
"761",761,NA,NA,NA,NA
"762",762,NA,NA,NA,NA
"763",763,NA,NA,NA,NA
"764",764,NA,NA,NA,NA
"765",765,NA,NA,NA,NA
"766",766,NA,NA,NA,NA
"767",767,NA,NA,NA,NA
"768",768,NA,NA,NA,NA
"769",769,NA,NA,NA,NA
"770",770,NA,NA,NA,NA
"771",771,NA,NA,NA,NA
"772",772,NA,NA,NA,NA
"773",773,NA,NA,NA,NA
"774",774,NA,NA,NA,NA
"775",775,NA,NA,NA,NA
"776",776,NA,NA,NA,NA
"777",777,NA,NA,NA,NA
"778",778,NA,NA,NA,NA
"779",779,NA,NA,NA,NA
"780",780,NA,NA,NA,NA
"781",781,NA,NA,NA,NA
"782",782,NA,NA,NA,NA
"783",783,NA,NA,NA,NA
"784",784,NA,NA,NA,NA
"785",785,NA,NA,NA,NA
"786",786,NA,NA,NA,NA
"787",787,NA,NA,NA,NA
"788",788,NA,NA,NA,NA
"789",789,NA,NA,NA,NA
"790",790,NA,NA,NA,NA
"791",791,NA,NA,NA,NA
"792",792,NA,NA,NA,NA
"793",793,NA,NA,NA,NA
"794",794,NA,NA,NA,NA
"795",795,NA,NA,NA,NA
"796",796,NA,NA,NA,NA
"797",797,NA,NA,NA,NA
"798",798,NA,NA,NA,NA
"799",799,NA,NA,NA,NA
"800",800,NA,NA,NA,NA
"801",801,NA,NA,NA,NA
"802",802,NA,NA,NA,NA
"803",803,NA,NA,NA,NA
"804",804,NA,NA,NA,NA
"805",805,NA,NA,NA,NA
"806",806,NA,NA,NA,NA
"807",807,NA,NA,NA,NA
"808",808,NA,NA,NA,NA
"809",809,NA,NA,NA,NA
"810",810,NA,NA,NA,NA
"811",811,NA,NA,NA,NA
"812",812,NA,NA,NA,NA
"813",813,NA,NA,NA,NA
"814",814,NA,NA,NA,NA
"815",815,NA,NA,NA,NA
"816",816,NA,NA,NA,NA
"817",817,NA,NA,NA,NA
"818",818,NA,NA,NA,NA
"819",819,NA,NA,NA,NA
"820",820,NA,NA,NA,NA
"821",821,NA,NA,NA,NA
"822",822,NA,NA,NA,NA
"823",823,NA,NA,NA,NA
"824",824,NA,NA,NA,NA
"825",825,NA,NA,NA,NA
"826",826,NA,NA,NA,NA
"827",827,NA,NA,NA,NA
"828",828,NA,NA,NA,NA
"829",829,NA,NA,NA,NA
"830",830,NA,NA,NA,NA
"831",831,NA,NA,NA,NA
"832",832,NA,NA,NA,NA
"833",833,NA,NA,NA,NA
"834",834,NA,NA,NA,NA
"835",835,NA,NA,NA,NA
"836",836,NA,NA,NA,NA
"837",837,NA,NA,NA,NA
"838",838,NA,NA,NA,NA
"839",839,NA,NA,NA,NA
"840",840,NA,NA,NA,NA
"841",841,NA,NA,NA,NA
"842",842,NA,NA,NA,NA
"843",843,NA,NA,NA,NA
"844",844,NA,NA,NA,NA
"845",845,NA,NA,NA,NA
"846",846,NA,NA,NA,NA
"847",847,NA,NA,NA,NA
"848",848,NA,NA,NA,NA
"849",849,NA,NA,NA,NA
"850",850,NA,NA,NA,NA
"851",851,NA,NA,NA,NA
"852",852,NA,NA,NA,NA
"853",853,NA,NA,NA,NA
"854",854,NA,NA,NA,NA
"855",855,NA,NA,NA,NA
"856",856,NA,NA,NA,NA
"857",857,NA,NA,NA,NA
"858",858,NA,NA,NA,NA
"859",859,NA,NA,NA,NA
"860",860,NA,NA,NA,NA
"861",861,NA,NA,NA,NA
"862",862,NA,NA,NA,NA
"863",863,NA,NA,NA,NA
"864",864,NA,NA,NA,NA
"865",865,NA,NA,NA,NA
"866",866,NA,NA,NA,NA
"867",867,NA,NA,NA,NA
"868",868,NA,NA,NA,NA
"869",869,NA,NA,NA,NA
"870",870,NA,NA,NA,NA
"871",871,NA,NA,NA,NA
"872",872,NA,NA,NA,NA
"873",873,NA,NA,NA,NA
"874",874,NA,NA,NA,NA
"875",875,NA,NA,NA,NA
"876",876,NA,NA,NA,NA
"877",877,NA,NA,NA,NA
"878",878,NA,NA,NA,NA
"879",879,NA,NA,NA,NA
"880",880,NA,NA,NA,NA
"881",881,NA,NA,NA,NA
"882",882,NA,NA,NA,NA
"883",883,NA,NA,NA,NA
"884",884,NA,NA,NA,NA
"885",885,NA,NA,NA,NA
"886",886,NA,NA,NA,NA
"887",887,NA,NA,NA,NA
"888",888,NA,NA,NA,NA
"889",889,NA,NA,NA,NA
"890",890,NA,NA,NA,NA
"891",891,NA,NA,NA,NA
"892",892,NA,NA,NA,NA
"893",893,NA,NA,NA,NA
"894",894,NA,NA,NA,NA
"895",895,NA,NA,NA,NA
"896",896,NA,NA,NA,NA
"897",897,NA,NA,NA,NA
"898",898,NA,NA,NA,NA
"899",899,NA,NA,NA,NA
"900",900,NA,NA,NA,NA
"901",901,NA,NA,NA,NA
"902",902,NA,NA,NA,NA
"903",903,NA,NA,NA,NA
"904",904,NA,NA,NA,NA
"905",905,NA,NA,NA,NA
"906",906,NA,NA,NA,NA
"907",907,NA,NA,NA,NA
"908",908,NA,NA,NA,NA
"909",909,NA,NA,NA,NA
"910",910,NA,NA,NA,NA
"911",911,NA,NA,NA,NA
"912",912,NA,NA,NA,NA
"913",913,NA,NA,NA,NA
"914",914,NA,NA,NA,NA
"915",915,NA,NA,NA,NA
"916",916,NA,NA,NA,NA
"917",917,NA,NA,NA,NA
"918",918,NA,NA,NA,NA
"919",919,NA,NA,NA,NA
"920",920,NA,NA,NA,NA
"921",921,NA,NA,NA,NA
"922",922,NA,NA,NA,NA
"923",923,NA,NA,NA,NA
"924",924,NA,NA,NA,NA
"925",925,NA,NA,NA,NA
"926",926,NA,NA,NA,NA
"927",927,NA,NA,NA,NA
"928",928,NA,NA,NA,NA
"929",929,NA,NA,NA,NA
"930",930,NA,NA,NA,NA
"931",931,NA,NA,NA,NA
"932",932,NA,NA,NA,NA
"933",933,NA,NA,NA,NA
"934",934,NA,NA,NA,NA
"935",935,NA,NA,NA,NA
"936",936,NA,NA,NA,NA
"937",937,NA,NA,NA,NA
"938",938,NA,NA,NA,NA
"939",939,NA,NA,NA,NA
"940",940,NA,NA,NA,NA
"941",941,NA,NA,NA,NA
"942",942,NA,NA,NA,NA
"943",943,NA,NA,NA,NA
"944",944,NA,NA,NA,NA
"945",945,NA,NA,NA,NA
"946",946,NA,NA,NA,NA
"947",947,NA,NA,NA,NA
"948",948,NA,NA,NA,NA
"949",949,NA,NA,NA,NA
"950",950,NA,NA,NA,NA
"951",951,NA,NA,NA,NA
"952",952,NA,NA,NA,NA
"953",953,NA,NA,NA,NA
"954",954,NA,NA,NA,NA
"955",955,NA,NA,NA,NA
"956",956,NA,NA,NA,NA
"957",957,NA,NA,NA,NA
"958",958,NA,NA,NA,NA
"959",959,NA,NA,NA,NA
"960",960,NA,NA,NA,NA
"961",961,NA,NA,NA,NA
"962",962,NA,NA,NA,NA
"963",963,NA,NA,NA,NA
"964",964,NA,NA,NA,NA
"965",965,NA,NA,NA,NA
"966",966,NA,NA,NA,NA
"967",967,NA,NA,NA,NA
"968",968,NA,NA,NA,NA
"969",969,NA,NA,NA,NA
"970",970,NA,NA,NA,NA
"971",971,NA,NA,NA,NA
"972",972,NA,NA,NA,NA
"973",973,NA,NA,NA,NA
"974",974,NA,NA,NA,NA
"975",975,NA,NA,NA,NA
"976",976,NA,NA,NA,NA
"977",977,NA,NA,NA,NA
"978",978,NA,NA,NA,NA
"979",979,NA,NA,NA,NA
"980",980,NA,NA,NA,NA
"981",981,NA,NA,NA,NA
"982",982,NA,NA,NA,NA
"983",983,NA,NA,NA,NA
"984",984,NA,NA,NA,NA
"985",985,NA,NA,NA,NA
"986",986,NA,NA,NA,NA
"987",987,NA,NA,NA,NA
"988",988,NA,NA,NA,NA
"989",989,NA,NA,NA,NA
"990",990,NA,NA,NA,NA
"991",991,NA,NA,NA,NA
"992",992,NA,NA,NA,NA
"993",993,NA,NA,NA,NA
"994",994,NA,NA,NA,NA
"995",995,NA,NA,NA,NA
"996",996,NA,NA,NA,NA
"997",997,NA,NA,NA,NA
"998",998,NA,NA,NA,NA
"999",999,NA,NA,NA,NA
"1000",1000,NA,NA,NA,NA
"1001",1001,NA,NA,NA,NA
"1002",1002,NA,NA,NA,NA
"1003",1003,NA,NA,NA,NA
"1004",1004,NA,NA,NA,NA
"1005",1005,NA,NA,NA,NA
"1006",1006,NA,NA,NA,NA
"1007",1007,NA,NA,NA,NA
"1008",1008,NA,NA,NA,NA
"1009",1009,NA,NA,NA,NA
"1010",1010,NA,NA,NA,NA
"1011",1011,NA,NA,NA,NA
"1012",1012,NA,NA,NA,NA
"1013",1013,NA,NA,NA,NA
"1014",1014,NA,NA,NA,NA
"1015",1015,NA,NA,NA,NA
"1016",1016,NA,NA,NA,NA
"1017",1017,NA,NA,NA,NA
"1018",1018,NA,NA,NA,NA
"1019",1019,NA,NA,NA,NA
"1020",1020,NA,NA,NA,NA
"1021",1021,NA,NA,NA,NA
"1022",1022,NA,NA,NA,NA
"1023",1023,NA,NA,NA,NA
"1024",1024,NA,NA,NA,NA
"1025",1025,NA,NA,NA,NA
"1026",1026,NA,NA,NA,NA
"1027",1027,NA,NA,NA,NA
"1028",1028,NA,NA,NA,NA
"1029",1029,NA,NA,NA,NA
"1030",1030,NA,NA,NA,NA
"1031",1031,NA,NA,NA,NA
"1032",1032,NA,NA,NA,NA
"1033",1033,NA,NA,NA,NA
"1034",1034,NA,NA,NA,NA
"1035",1035,NA,NA,NA,NA
"1036",1036,NA,NA,NA,NA
"1037",1037,NA,NA,NA,NA
"1038",1038,NA,NA,NA,NA
"1039",1039,NA,NA,NA,NA
"1040",1040,NA,NA,NA,NA
"1041",1041,NA,NA,NA,NA
"1042",1042,NA,NA,NA,NA
"1043",1043,NA,NA,NA,NA
"1044",1044,NA,NA,NA,NA
"1045",1045,NA,NA,NA,NA
"1046",1046,NA,NA,NA,NA
"1047",1047,NA,NA,NA,NA
"1048",1048,NA,NA,NA,NA
"1049",1049,NA,NA,NA,NA
"1050",1050,NA,NA,NA,NA
"1051",1051,NA,NA,NA,NA
"1052",1052,NA,NA,NA,NA
"1053",1053,NA,NA,NA,NA
"1054",1054,NA,NA,NA,NA
"1055",1055,NA,NA,NA,NA
"1056",1056,NA,NA,NA,NA
"1057",1057,NA,NA,NA,NA
"1058",1058,NA,NA,NA,NA
"1059",1059,NA,NA,NA,NA
"1060",1060,NA,NA,NA,NA
"1061",1061,NA,NA,NA,NA
"1062",1062,NA,NA,NA,NA
"1063",1063,NA,NA,NA,NA
"1064",1064,NA,NA,NA,NA
"1065",1065,NA,NA,NA,NA
"1066",1066,NA,NA,NA,NA
"1067",1067,NA,NA,NA,NA
"1068",1068,NA,NA,NA,NA
"1069",1069,NA,NA,NA,NA
"1070",1070,NA,NA,NA,NA
"1071",1071,NA,NA,NA,NA
"1072",1072,NA,NA,NA,NA
"1073",1073,NA,NA,NA,NA
"1074",1074,NA,NA,NA,NA
"1075",1075,NA,NA,NA,NA
"1076",1076,NA,NA,NA,NA
"1077",1077,NA,NA,NA,NA
"1078",1078,NA,NA,NA,NA
"1079",1079,NA,NA,NA,NA
"1080",1080,NA,NA,NA,NA
"1081",1081,NA,NA,NA,NA
"1082",1082,NA,NA,NA,NA
"1083",1083,NA,NA,NA,NA
"1084",1084,NA,NA,NA,NA
"1085",1085,NA,NA,NA,NA
"1086",1086,NA,NA,NA,NA
"1087",1087,NA,NA,NA,NA
"1088",1088,NA,NA,NA,NA
"1089",1089,NA,NA,NA,NA
"1090",1090,NA,NA,NA,NA
"1091",1091,NA,NA,NA,NA
"1092",1092,NA,NA,NA,NA
"1093",1093,NA,NA,NA,NA
"1094",1094,NA,NA,NA,NA
"1095",1095,NA,NA,NA,NA
"1096",1096,NA,NA,NA,NA
"1097",1097,NA,NA,NA,NA
"1098",1098,NA,NA,NA,NA
"1099",1099,NA,NA,NA,NA
"1100",1100,NA,NA,NA,NA
"1101",1101,NA,NA,NA,NA
"1102",1102,NA,NA,NA,NA
"1103",1103,NA,NA,NA,NA
"1104",1104,NA,NA,NA,NA
"1105",1105,NA,NA,NA,NA
"1106",1106,NA,NA,NA,NA
"1107",1107,NA,NA,NA,NA
"1108",1108,NA,NA,NA,NA
"1109",1109,NA,NA,NA,NA
"1110",1110,NA,NA,NA,NA
"1111",1111,NA,NA,NA,NA
"1112",1112,NA,NA,NA,NA
"1113",1113,NA,NA,NA,NA
"1114",1114,NA,NA,NA,NA
"1115",1115,NA,NA,NA,NA
"1116",1116,NA,NA,NA,NA
"1117",1117,NA,NA,NA,NA
"1118",1118,NA,NA,NA,NA
"1119",1119,NA,NA,NA,NA
"1120",1120,NA,NA,NA,NA
"1121",1121,NA,NA,NA,NA
"1122",1122,NA,NA,NA,NA
"1123",1123,NA,NA,NA,NA
"1124",1124,NA,NA,NA,NA
"1125",1125,NA,NA,NA,NA
"1126",1126,NA,NA,NA,NA
"1127",1127,NA,NA,NA,NA
"1128",1128,NA,NA,NA,NA
"1129",1129,NA,NA,NA,NA
"1130",1130,NA,NA,NA,NA
"1131",1131,NA,NA,NA,NA
"1132",1132,NA,NA,NA,NA
"1133",1133,NA,NA,NA,NA
"1134",1134,NA,NA,NA,NA
"1135",1135,NA,NA,NA,NA
"1136",1136,NA,NA,NA,NA
"1137",1137,NA,NA,NA,NA
"1138",1138,NA,NA,NA,NA
"1139",1139,NA,NA,NA,NA
"1140",1140,NA,NA,NA,NA
"1141",1141,NA,NA,NA,NA
"1142",1142,NA,NA,NA,NA
"1143",1143,NA,NA,NA,NA
"1144",1144,NA,NA,NA,NA
"1145",1145,NA,NA,NA,NA
"1146",1146,NA,NA,NA,NA
"1147",1147,NA,NA,NA,NA
"1148",1148,NA,NA,NA,NA
"1149",1149,NA,NA,NA,NA
"1150",1150,NA,NA,NA,NA
"1151",1151,NA,NA,NA,NA
"1152",1152,NA,NA,NA,NA
"1153",1153,NA,NA,NA,NA
"1154",1154,NA,NA,NA,NA
"1155",1155,NA,NA,NA,NA
"1156",1156,NA,NA,NA,NA
"1157",1157,NA,NA,NA,NA
"1158",1158,NA,NA,NA,NA
"1159",1159,NA,NA,NA,NA
"1160",1160,NA,NA,NA,NA
"1161",1161,NA,NA,NA,NA
"1162",1162,NA,NA,NA,NA
"1163",1163,NA,NA,NA,NA
"1164",1164,NA,NA,NA,NA
"1165",1165,NA,NA,NA,NA
"1166",1166,NA,NA,NA,NA
"1167",1167,NA,NA,NA,NA
"1168",1168,NA,NA,NA,NA
"1169",1169,NA,NA,NA,NA
"1170",1170,NA,NA,NA,NA
"1171",1171,NA,NA,NA,NA
"1172",1172,NA,NA,NA,NA
"1173",1173,NA,NA,NA,NA
"1174",1174,NA,NA,NA,NA
"1175",1175,NA,NA,NA,NA
"1176",1176,NA,NA,NA,NA
"1177",1177,NA,NA,NA,NA
"1178",1178,NA,NA,NA,NA
"1179",1179,NA,NA,NA,NA
"1180",1180,NA,NA,NA,NA
"1181",1181,NA,NA,NA,NA
"1182",1182,NA,NA,NA,NA
"1183",1183,NA,NA,NA,NA
"1184",1184,NA,NA,NA,NA
"1185",1185,NA,NA,NA,NA
"1186",1186,NA,NA,NA,NA
"1187",1187,NA,NA,NA,NA
"1188",1188,NA,NA,NA,NA
"1189",1189,NA,NA,NA,NA
"1190",1190,NA,NA,NA,NA
"1191",1191,NA,NA,NA,NA
"1192",1192,NA,NA,NA,NA
"1193",1193,NA,NA,NA,NA
"1194",1194,NA,NA,NA,NA
"1195",1195,NA,NA,NA,NA
"1196",1196,NA,NA,NA,NA
"1197",1197,NA,NA,NA,NA
"1198",1198,NA,NA,NA,NA
"1199",1199,NA,NA,NA,NA
"1200",1200,NA,NA,NA,NA
"1201",1201,NA,NA,NA,NA
"1202",1202,NA,NA,NA,NA
"1203",1203,NA,NA,NA,NA
"1204",1204,NA,NA,NA,NA
"1205",1205,NA,NA,NA,NA
"1206",1206,NA,NA,NA,NA
"1207",1207,NA,NA,NA,NA
"1208",1208,NA,NA,NA,NA
"1209",1209,NA,NA,NA,NA
"1210",1210,NA,NA,NA,NA
"1211",1211,NA,NA,NA,NA
"1212",1212,NA,NA,NA,NA
"1213",1213,NA,NA,NA,NA
"1214",1214,NA,NA,NA,NA
"1215",1215,NA,NA,NA,NA
"1216",1216,NA,NA,NA,NA
"1217",1217,NA,NA,NA,NA
"1218",1218,NA,NA,NA,NA
"1219",1219,NA,NA,NA,NA
"1220",1220,NA,NA,NA,NA
"1221",1221,NA,NA,NA,NA
"1222",1222,NA,NA,NA,NA
"1223",1223,NA,NA,NA,NA
"1224",1224,NA,NA,NA,NA
"1225",1225,NA,NA,NA,NA
"1226",1226,NA,NA,NA,NA
"1227",1227,NA,NA,NA,NA
"1228",1228,NA,NA,NA,NA
"1229",1229,NA,NA,NA,NA
"1230",1230,NA,NA,NA,NA
"1231",1231,NA,NA,NA,NA
"1232",1232,NA,NA,NA,NA
"1233",1233,NA,NA,NA,NA
"1234",1234,NA,NA,NA,NA
"1235",1235,NA,NA,NA,NA
"1236",1236,NA,NA,NA,NA
"1237",1237,NA,NA,NA,NA
"1238",1238,NA,NA,NA,NA
"1239",1239,NA,NA,NA,NA
"1240",1240,NA,NA,NA,NA
"1241",1241,NA,NA,NA,NA
"1242",1242,NA,NA,NA,NA
"1243",1243,NA,NA,NA,NA
"1244",1244,NA,NA,NA,NA
"1245",1245,NA,NA,NA,NA
"1246",1246,NA,NA,NA,NA
"1247",1247,NA,NA,NA,NA
"1248",1248,NA,NA,NA,NA
"1249",1249,NA,NA,NA,NA
"1250",1250,NA,NA,NA,NA
"1251",1251,NA,NA,NA,NA
"1252",1252,NA,NA,NA,NA
"1253",1253,NA,NA,NA,NA
"1254",1254,NA,NA,NA,NA
"1255",1255,NA,NA,NA,NA
"1256",1256,NA,NA,NA,NA
"1257",1257,NA,NA,NA,NA
"1258",1258,NA,NA,NA,NA
"1259",1259,NA,NA,NA,NA
"1260",1260,NA,NA,NA,NA
"1261",1261,NA,NA,NA,NA
"1262",1262,NA,NA,NA,NA
"1263",1263,NA,NA,NA,NA
"1264",1264,NA,NA,NA,NA
"1265",1265,NA,NA,NA,NA
"1266",1266,NA,NA,NA,NA
"1267",1267,NA,NA,NA,NA
"1268",1268,NA,NA,NA,NA
"1269",1269,NA,NA,NA,NA
"1270",1270,NA,NA,NA,NA
"1271",1271,NA,NA,NA,NA
"1272",1272,NA,NA,NA,NA
"1273",1273,NA,NA,NA,NA
"1274",1274,NA,NA,NA,NA
"1275",1275,NA,NA,NA,NA
"1276",1276,NA,NA,NA,NA
"1277",1277,NA,NA,NA,NA
"1278",1278,NA,NA,NA,NA
"1279",1279,NA,NA,NA,NA
"1280",1280,NA,NA,NA,NA
"1281",1281,NA,NA,NA,NA
"1282",1282,NA,NA,NA,NA
"1283",1283,NA,NA,NA,NA
"1284",1284,NA,NA,NA,NA
"1285",1285,NA,NA,NA,NA
"1286",1286,NA,NA,NA,NA
"1287",1287,NA,NA,NA,NA
"1288",1288,NA,NA,NA,NA
"1289",1289,NA,NA,NA,NA
"1290",1290,NA,NA,NA,NA
"1291",1291,NA,NA,NA,NA
"1292",1292,NA,NA,NA,NA
"1293",1293,NA,NA,NA,NA
"1294",1294,NA,NA,NA,NA
"1295",1295,NA,NA,NA,NA
"1296",1296,NA,NA,NA,NA
"1297",1297,NA,NA,NA,NA
"1298",1298,NA,NA,NA,NA
"1299",1299,NA,NA,NA,NA
"1300",1300,NA,NA,NA,NA
"1301",1301,NA,NA,NA,NA
"1302",1302,NA,NA,NA,NA
"1303",1303,NA,NA,NA,NA
"1304",1304,NA,NA,NA,NA
"1305",1305,NA,NA,NA,NA
"1306",1306,NA,NA,NA,NA
"1307",1307,NA,NA,NA,NA
"1308",1308,NA,NA,NA,NA
"1309",1309,NA,NA,NA,NA
"1310",1310,NA,NA,NA,NA
"1311",1311,NA,NA,NA,NA
"1312",1312,NA,NA,NA,NA
"1313",1313,NA,NA,NA,NA
"1314",1314,NA,NA,NA,NA
"1315",1315,NA,NA,NA,NA
"1316",1316,NA,NA,NA,NA
"1317",1317,NA,NA,NA,NA
"1318",1318,NA,NA,NA,NA
"1319",1319,NA,NA,NA,NA
"1320",1320,NA,NA,NA,NA
"1321",1321,NA,NA,NA,NA
"1322",1322,NA,NA,NA,NA
"1323",1323,NA,NA,NA,NA
"1324",1324,NA,NA,NA,NA
"1325",1325,NA,NA,NA,NA
"1326",1326,NA,NA,NA,NA
"1327",1327,NA,NA,NA,NA
"1328",1328,NA,NA,NA,NA
"1329",1329,NA,NA,NA,NA
"1330",1330,NA,NA,NA,NA
"1331",1331,NA,NA,NA,NA
"1332",1332,NA,NA,NA,NA
"1333",1333,NA,NA,NA,NA
"1334",1334,NA,NA,NA,NA
"1335",1335,NA,NA,NA,NA
"1336",1336,NA,NA,NA,NA
"1337",1337,NA,NA,NA,NA
"1338",1338,NA,NA,NA,NA
"1339",1339,NA,NA,NA,NA
"1340",1340,NA,NA,NA,NA
"1341",1341,NA,NA,NA,NA
"1342",1342,NA,NA,NA,NA
"1343",1343,NA,NA,NA,NA
"1344",1344,NA,NA,NA,NA
"1345",1345,NA,NA,NA,NA
"1346",1346,NA,NA,NA,NA
"1347",1347,NA,NA,NA,NA
"1348",1348,NA,NA,NA,NA
"1349",1349,NA,NA,NA,NA
"1350",1350,NA,NA,NA,NA
"1351",1351,NA,NA,NA,NA
"1352",1352,NA,NA,NA,NA
"1353",1353,NA,NA,NA,NA
"1354",1354,NA,NA,NA,NA
"1355",1355,NA,NA,NA,NA
"1356",1356,NA,NA,NA,NA
"1357",1357,NA,NA,NA,NA
"1358",1358,NA,NA,NA,NA
"1359",1359,NA,NA,NA,NA
"1360",1360,NA,NA,NA,NA
"1361",1361,NA,NA,NA,NA
"1362",1362,NA,NA,NA,NA
"1363",1363,NA,NA,NA,NA
"1364",1364,NA,NA,NA,NA
"1365",1365,NA,NA,NA,NA
"1366",1366,NA,NA,NA,NA
"1367",1367,NA,NA,NA,NA
"1368",1368,NA,NA,NA,NA
"1369",1369,NA,NA,NA,NA
"1370",1370,NA,NA,NA,NA
"1371",1371,NA,NA,NA,NA
"1372",1372,NA,NA,NA,NA
"1373",1373,NA,NA,NA,NA
"1374",1374,NA,NA,NA,NA
"1375",1375,NA,NA,NA,NA
"1376",1376,NA,NA,NA,NA
"1377",1377,NA,NA,NA,NA
"1378",1378,NA,NA,NA,NA
"1379",1379,NA,NA,NA,NA
"1380",1380,NA,NA,NA,NA
"1381",1381,NA,NA,NA,NA
"1382",1382,NA,NA,NA,NA
"1383",1383,NA,NA,NA,NA
"1384",1384,NA,NA,NA,NA
"1385",1385,NA,NA,NA,NA
"1386",1386,NA,NA,NA,NA
"1387",1387,NA,NA,NA,NA
"1388",1388,NA,NA,NA,NA
"1389",1389,NA,NA,NA,NA
"1390",1390,NA,NA,NA,NA
"1391",1391,NA,NA,NA,NA
"1392",1392,NA,NA,NA,NA
"1393",1393,NA,NA,NA,NA
"1394",1394,NA,NA,NA,NA
"1395",1395,NA,NA,NA,NA
"1396",1396,NA,NA,NA,NA
"1397",1397,NA,NA,NA,NA
"1398",1398,NA,NA,NA,NA
"1399",1399,NA,NA,NA,NA
"1400",1400,NA,NA,NA,NA
"1401",1401,NA,"Bags & Wallets",NA,NA
"1402",1402,NA,"Bags & Wallets",NA,NA
"1403",1403,NA,"Bags & Wallets",NA,NA
"1404",1404,NA,"Bags & Wallets",NA,NA
"1405",1405,NA,"Bags & Wallets",NA,NA
"1406",1406,NA,"Bags & Wallets",NA,NA
"1407",1407,NA,"Bags & Wallets",NA,NA
"1408",1408,NA,"Bags & Wallets",NA,NA
"1409",1409,NA,"Bags & Wallets",NA,NA
"1410",1410,NA,"Bags & Wallets",NA,NA
"1411",1411,NA,"Bags & Wallets",NA,NA
"1412",1412,NA,"Bags & Wallets",NA,NA
"1413",1413,NA,"Bags & Wallets",NA,NA
"1414",1414,NA,"Bags & Wallets",NA,NA
"1415",1415,NA,"Bags & Wallets",NA,NA
"1416",1416,NA,"Bags & Wallets",NA,NA
"1417",1417,NA,"Bags & Wallets",NA,NA
"1418",1418,NA,"Bags & Wallets",NA,NA
"1419",1419,NA,"Bags & Wallets",NA,NA
"1420",1420,NA,"Bags & Wallets",NA,NA
"1421",1421,NA,"Bags & Wallets",NA,NA
"1422",1422,NA,"Bags & Wallets",NA,NA
"1423",1423,NA,"Bags & Wallets",NA,NA
"1424",1424,NA,"Bags & Wallets",NA,NA
"1425",1425,NA,"Bags & Wallets",NA,NA
"1426",1426,NA,"Bags & Wallets",NA,NA
"1427",1427,NA,"Bags & Wallets",NA,NA
"1428",1428,NA,"Bags & Wallets",NA,NA
"1429",1429,NA,"Bags & Wallets",NA,NA
"1430",1430,NA,"Bags & Wallets",NA,NA
"1431",1431,NA,"Bags & Wallets",NA,NA
"1432",1432,NA,"Bags & Wallets",NA,NA
"1433",1433,NA,"Bags & Wallets",NA,NA
"1434",1434,NA,"Bags & Wallets",NA,NA
"1435",1435,NA,"Bags & Wallets",NA,NA
"1436",1436,NA,"Bags & Wallets",NA,NA
"1437",1437,NA,"Bags & Wallets",NA,NA
"1438",1438,NA,"Bags & Wallets",NA,NA
"1439",1439,NA,"Bags & Wallets",NA,NA
"1440",1440,NA,"Bags & Wallets",NA,NA
"1441",1441,NA,"Bags & Wallets",NA,NA
"1442",1442,NA,"Bags & Wallets",NA,NA
"1443",1443,NA,"Bags & Wallets",NA,NA
"1444",1444,NA,"Bags & Wallets",NA,NA
"1445",1445,NA,"Bags & Wallets",NA,NA
"1446",1446,NA,"Bags & Wallets",NA,NA
"1447",1447,NA,"Bags & Wallets",NA,NA
"1448",1448,NA,"Bags & Wallets",NA,NA
"1449",1449,NA,"Bags & Wallets",NA,NA
"1450",1450,NA,"Bags & Wallets",NA,NA
"1451",1451,NA,"Bags & Wallets",NA,NA
"1452",1452,NA,"Bags & Wallets",NA,NA
"1453",1453,NA,"Bags & Wallets",NA,NA
"1454",1454,NA,"Bags & Wallets",NA,NA
"1455",1455,NA,"Bags & Wallets",NA,NA
"1456",1456,NA,"Bags & Wallets",NA,NA
"1457",1457,NA,"Bags & Wallets",NA,NA
"1458",1458,NA,"Bags & Wallets",NA,NA
"1459",1459,NA,"Bags & Wallets",NA,NA
"1460",1460,NA,"Bags & Wallets",NA,NA
"1461",1461,NA,"Bags & Wallets",NA,NA
"1462",1462,NA,"Bags & Wallets",NA,NA
"1463",1463,NA,"Bags & Wallets",NA,NA
"1464",1464,NA,"Bags & Wallets",NA,NA
"1465",1465,NA,"Bags & Wallets",NA,NA
"1466",1466,NA,"Bags & Wallets",NA,NA
"1467",1467,NA,"Bags & Wallets",NA,NA
"1468",1468,NA,"Bags & Wallets",NA,NA
"1469",1469,NA,"Bags & Wallets",NA,NA
"1470",1470,NA,"Bags & Wallets",NA,NA
"1471",1471,NA,"Bags & Wallets",NA,NA
"1472",1472,NA,"Bags & Wallets",NA,NA
"1473",1473,NA,"Bags & Wallets",NA,NA
"1474",1474,NA,"Bags & Wallets",NA,NA
"1475",1475,NA,"Bags & Wallets",NA,NA
"1476",1476,NA,"Bags & Wallets",NA,NA
"1477",1477,NA,"Bags & Wallets",NA,NA
"1478",1478,NA,"Bags & Wallets",NA,NA
"1479",1479,NA,"Bags & Wallets",NA,NA
"1480",1480,NA,"Bags & Wallets",NA,NA
"1481",1481,NA,"Bags & Wallets",NA,NA
"1482",1482,NA,"Bags & Wallets",NA,NA
"1483",1483,NA,"Bags & Wallets",NA,NA
"1484",1484,NA,"Bags & Wallets",NA,NA
"1485",1485,NA,"Bags & Wallets",NA,NA
"1486",1486,NA,"Bags & Wallets",NA,NA
"1487",1487,NA,"Bags & Wallets",NA,NA
"1488",1488,NA,"Bags & Wallets",NA,NA
"1489",1489,NA,"Bags & Wallets",NA,NA
"1490",1490,NA,"Bags & Wallets",NA,NA
"1491",1491,NA,"Bags & Wallets",NA,NA
"1492",1492,NA,"Bags & Wallets",NA,NA
"1493",1493,NA,"Bags & Wallets",NA,NA
"1494",1494,NA,"Bags & Wallets",NA,NA
"1495",1495,NA,"Bags & Wallets",NA,NA
"1496",1496,NA,"Bags & Wallets",NA,NA
"1497",1497,NA,"Bags & Wallets",NA,NA
"1498",1498,NA,"Bags & Wallets",NA,NA
"1499",1499,NA,"Bags & Wallets",NA,NA
"1500",1500,NA,"Bags & Wallets",NA,NA
"1501",1501,NA,NA,NA,NA
"1502",1502,NA,NA,NA,NA
"1503",1503,NA,NA,NA,NA
"1504",1504,NA,NA,NA,NA
"1505",1505,NA,NA,NA,NA
"1506",1506,NA,NA,NA,NA
"1507",1507,NA,NA,NA,NA
"1508",1508,NA,NA,NA,NA
"1509",1509,NA,NA,NA,NA
"1510",1510,NA,NA,NA,NA
"1511",1511,NA,NA,NA,NA
"1512",1512,NA,NA,NA,NA
"1513",1513,NA,NA,NA,NA
"1514",1514,NA,NA,NA,NA
"1515",1515,NA,NA,NA,NA
"1516",1516,NA,NA,NA,NA
"1517",1517,NA,NA,NA,NA
"1518",1518,NA,NA,NA,NA
"1519",1519,NA,NA,NA,NA
"1520",1520,NA,NA,NA,NA
"1521",1521,NA,NA,NA,NA
"1522",1522,NA,NA,NA,NA
"1523",1523,NA,NA,NA,NA
"1524",1524,NA,NA,NA,NA
"1525",1525,NA,NA,NA,NA
"1526",1526,NA,NA,NA,NA
"1527",1527,NA,NA,NA,NA
"1528",1528,NA,NA,NA,NA
"1529",1529,NA,NA,NA,NA
"1530",1530,NA,NA,NA,NA
"1531",1531,NA,NA,NA,NA
"1532",1532,NA,NA,NA,NA
"1533",1533,NA,NA,NA,NA
"1534",1534,NA,NA,NA,NA
"1535",1535,NA,NA,NA,NA
"1536",1536,NA,NA,NA,NA
"1537",1537,NA,NA,NA,NA
"1538",1538,NA,NA,NA,NA
"1539",1539,NA,NA,NA,NA
"1540",1540,NA,NA,NA,NA
"1541",1541,NA,NA,NA,NA
"1542",1542,NA,NA,NA,NA
"1543",1543,NA,NA,NA,NA
"1544",1544,NA,NA,NA,NA
"1545",1545,NA,NA,NA,NA
"1546",1546,NA,NA,NA,NA
"1547",1547,NA,NA,NA,NA
"1548",1548,NA,NA,NA,NA
"1549",1549,NA,NA,NA,NA
"1550",1550,NA,NA,NA,NA
"1551",1551,NA,NA,NA,NA
"1552",1552,NA,NA,NA,NA
"1553",1553,NA,NA,NA,NA
"1554",1554,NA,NA,NA,NA
"1555",1555,NA,NA,NA,NA
"1556",1556,NA,NA,NA,NA
"1557",1557,NA,NA,NA,NA
"1558",1558,NA,NA,NA,NA
"1559",1559,NA,NA,NA,NA
"1560",1560,NA,NA,NA,NA
"1561",1561,NA,NA,NA,NA
"1562",1562,NA,NA,NA,NA
"1563",1563,NA,NA,NA,NA
"1564",1564,NA,NA,NA,NA
"1565",1565,NA,NA,NA,NA
"1566",1566,NA,NA,NA,NA
"1567",1567,NA,NA,NA,NA
"1568",1568,NA,NA,NA,NA
"1569",1569,NA,NA,NA,NA
"1570",1570,NA,NA,NA,NA
"1571",1571,NA,NA,NA,NA
"1572",1572,NA,NA,NA,NA
"1573",1573,NA,NA,NA,NA
"1574",1574,NA,NA,NA,NA
"1575",1575,NA,NA,NA,NA
"1576",1576,NA,NA,NA,NA
"1577",1577,NA,NA,NA,NA
"1578",1578,NA,NA,NA,NA
"1579",1579,NA,NA,NA,NA
"1580",1580,NA,NA,NA,NA
"1581",1581,NA,NA,NA,NA
"1582",1582,NA,NA,NA,NA
"1583",1583,NA,NA,NA,NA
"1584",1584,NA,NA,NA,NA
"1585",1585,NA,NA,NA,NA
"1586",1586,NA,NA,NA,NA
"1587",1587,NA,NA,NA,NA
"1588",1588,NA,NA,NA,NA
"1589",1589,NA,NA,NA,NA
"1590",1590,NA,NA,NA,NA
"1591",1591,NA,NA,NA,NA
"1592",1592,NA,NA,NA,NA
"1593",1593,NA,NA,NA,NA
"1594",1594,NA,NA,NA,NA
"1595",1595,NA,NA,NA,NA
"1596",1596,NA,NA,NA,NA
"1597",1597,NA,NA,NA,NA
"1598",1598,NA,NA,NA,NA
"1599",1599,NA,NA,NA,NA
"1600",1600,NA,NA,NA,NA
"1601",1601,NA,NA,NA,NA
"1602",1602,NA,NA,NA,NA
"1603",1603,NA,NA,NA,NA
"1604",1604,NA,NA,NA,NA
"1605",1605,NA,NA,NA,NA
"1606",1606,NA,NA,NA,NA
"1607",1607,NA,NA,NA,NA
"1608",1608,NA,NA,NA,NA
"1609",1609,NA,NA,NA,NA
"1610",1610,NA,NA,NA,NA
"1611",1611,NA,NA,NA,NA
"1612",1612,NA,NA,NA,NA
"1613",1613,NA,NA,NA,NA
"1614",1614,NA,NA,NA,NA
"1615",1615,NA,NA,NA,NA
"1616",1616,NA,NA,NA,NA
"1617",1617,NA,NA,NA,NA
"1618",1618,NA,NA,NA,NA
"1619",1619,NA,NA,NA,NA
"1620",1620,NA,NA,NA,NA
"1621",1621,NA,NA,NA,NA
"1622",1622,NA,NA,NA,NA
"1623",1623,NA,NA,NA,NA
"1624",1624,NA,NA,NA,NA
"1625",1625,NA,NA,NA,NA
"1626",1626,NA,NA,NA,NA
"1627",1627,NA,NA,NA,NA
"1628",1628,NA,NA,NA,NA
"1629",1629,NA,NA,NA,NA
"1630",1630,NA,NA,NA,NA
"1631",1631,NA,NA,NA,NA
"1632",1632,NA,NA,NA,NA
"1633",1633,NA,NA,NA,NA
"1634",1634,NA,NA,NA,NA
"1635",1635,NA,NA,NA,NA
"1636",1636,NA,NA,NA,NA
"1637",1637,NA,NA,NA,NA
"1638",1638,NA,NA,NA,NA
"1639",1639,NA,NA,NA,NA
"1640",1640,NA,NA,NA,NA
"1641",1641,NA,NA,NA,NA
"1642",1642,NA,NA,NA,NA
"1643",1643,NA,NA,NA,NA
"1644",1644,NA,NA,NA,NA
"1645",1645,NA,NA,NA,NA
"1646",1646,NA,NA,NA,NA
"1647",1647,NA,NA,NA,NA
"1648",1648,NA,NA,NA,NA
"1649",1649,NA,NA,NA,NA
"1650",1650,NA,NA,NA,NA
"1651",1651,NA,NA,NA,NA
"1652",1652,NA,NA,NA,NA
"1653",1653,NA,NA,NA,NA
"1654",1654,NA,NA,NA,NA
"1655",1655,NA,NA,NA,NA
"1656",1656,NA,NA,NA,NA
"1657",1657,NA,NA,NA,NA
"1658",1658,NA,NA,NA,NA
"1659",1659,NA,NA,NA,NA
"1660",1660,NA,NA,NA,NA
"1661",1661,NA,NA,NA,NA
"1662",1662,NA,NA,NA,NA
"1663",1663,NA,NA,NA,NA
"1664",1664,NA,NA,NA,NA
"1665",1665,NA,NA,NA,NA
"1666",1666,NA,NA,NA,NA
"1667",1667,NA,NA,NA,NA
"1668",1668,NA,NA,NA,NA
"1669",1669,NA,NA,NA,NA
"1670",1670,NA,NA,NA,NA
"1671",1671,NA,NA,NA,NA
"1672",1672,NA,NA,NA,NA
"1673",1673,NA,NA,NA,NA
"1674",1674,NA,NA,NA,NA
"1675",1675,NA,NA,NA,NA
"1676",1676,NA,NA,NA,NA
"1677",1677,NA,NA,NA,NA
"1678",1678,NA,NA,NA,NA
"1679",1679,NA,NA,NA,NA
"1680",1680,NA,NA,NA,NA
"1681",1681,NA,NA,NA,NA
"1682",1682,NA,NA,NA,NA
"1683",1683,NA,NA,NA,NA
"1684",1684,NA,NA,NA,NA
"1685",1685,NA,NA,NA,NA
"1686",1686,NA,NA,NA,NA
"1687",1687,NA,NA,NA,NA
"1688",1688,NA,NA,NA,NA
"1689",1689,NA,NA,NA,NA
"1690",1690,NA,NA,NA,NA
"1691",1691,NA,NA,NA,NA
"1692",1692,NA,NA,NA,NA
"1693",1693,NA,NA,NA,NA
"1694",1694,NA,NA,NA,NA
"1695",1695,NA,NA,NA,NA
"1696",1696,NA,NA,NA,NA
"1697",1697,NA,NA,NA,NA
"1698",1698,NA,NA,NA,NA
"1699",1699,NA,NA,NA,NA
"1700",1700,NA,NA,NA,NA
"1701",1701,NA,NA,NA,NA
"1702",1702,NA,NA,NA,NA
"1703",1703,NA,NA,NA,NA
"1704",1704,NA,NA,NA,NA
"1705",1705,NA,NA,NA,NA
"1706",1706,NA,NA,NA,NA
"1707",1707,NA,NA,NA,NA
"1708",1708,NA,NA,NA,NA
"1709",1709,NA,NA,NA,NA
"1710",1710,NA,NA,NA,NA
"1711",1711,NA,NA,NA,NA
"1712",1712,NA,NA,NA,NA
"1713",1713,NA,NA,NA,NA
"1714",1714,NA,NA,NA,NA
"1715",1715,NA,NA,NA,NA
"1716",1716,NA,NA,NA,NA
"1717",1717,NA,NA,NA,NA
"1718",1718,NA,NA,NA,NA
"1719",1719,NA,NA,NA,NA
"1720",1720,NA,NA,NA,NA
"1721",1721,NA,NA,NA,NA
"1722",1722,NA,NA,NA,NA
"1723",1723,NA,NA,NA,NA
"1724",1724,NA,NA,NA,NA
"1725",1725,NA,NA,NA,NA
"1726",1726,NA,NA,NA,NA
"1727",1727,NA,NA,NA,NA
"1728",1728,NA,NA,NA,NA
"1729",1729,NA,NA,NA,NA
"1730",1730,NA,NA,NA,NA
"1731",1731,NA,NA,NA,NA
"1732",1732,NA,NA,NA,NA
"1733",1733,NA,NA,NA,NA
"1734",1734,NA,NA,NA,NA
"1735",1735,NA,NA,NA,NA
"1736",1736,NA,NA,NA,NA
"1737",1737,NA,NA,NA,NA
"1738",1738,NA,NA,NA,NA
"1739",1739,NA,NA,NA,NA
"1740",1740,NA,NA,NA,NA
"1741",1741,NA,NA,NA,NA
"1742",1742,NA,NA,NA,NA
"1743",1743,NA,NA,NA,NA
"1744",1744,NA,NA,NA,NA
"1745",1745,NA,NA,NA,NA
"1746",1746,NA,NA,NA,NA
"1747",1747,NA,NA,NA,NA
"1748",1748,NA,NA,NA,NA
"1749",1749,NA,NA,NA,NA
"1750",1750,NA,NA,NA,NA
"1751",1751,NA,NA,NA,NA
"1752",1752,NA,NA,NA,NA
"1753",1753,NA,NA,NA,NA
"1754",1754,NA,NA,NA,NA
"1755",1755,NA,NA,NA,NA
"1756",1756,NA,NA,NA,NA
"1757",1757,NA,NA,NA,NA
"1758",1758,NA,NA,NA,NA
"1759",1759,NA,NA,NA,NA
"1760",1760,NA,NA,NA,NA
"1761",1761,NA,NA,NA,NA
"1762",1762,NA,NA,NA,NA
"1763",1763,NA,NA,NA,NA
"1764",1764,NA,NA,NA,NA
"1765",1765,NA,NA,NA,NA
"1766",1766,NA,NA,NA,NA
"1767",1767,NA,NA,NA,NA
"1768",1768,NA,NA,NA,NA
"1769",1769,NA,NA,NA,NA
"1770",1770,NA,NA,NA,NA
"1771",1771,NA,NA,NA,NA
"1772",1772,NA,NA,NA,NA
"1773",1773,NA,NA,NA,NA
"1774",1774,NA,NA,NA,NA
"1775",1775,NA,NA,NA,NA
"1776",1776,NA,NA,NA,NA
"1777",1777,NA,NA,NA,NA
"1778",1778,NA,NA,NA,NA
"1779",1779,NA,NA,NA,NA
"1780",1780,NA,NA,NA,NA
"1781",1781,NA,NA,NA,NA
"1782",1782,NA,NA,NA,NA
"1783",1783,NA,NA,NA,NA
"1784",1784,NA,NA,NA,NA
"1785",1785,NA,NA,NA,NA
"1786",1786,NA,NA,NA,NA
"1787",1787,NA,NA,NA,NA
"1788",1788,NA,NA,NA,NA
"1789",1789,NA,NA,NA,NA
"1790",1790,NA,NA,NA,NA
"1791",1791,NA,NA,NA,NA
"1792",1792,NA,NA,NA,NA
"1793",1793,NA,NA,NA,NA
"1794",1794,NA,NA,NA,NA
"1795",1795,NA,NA,NA,NA
"1796",1796,NA,NA,NA,NA
"1797",1797,NA,NA,NA,NA
"1798",1798,NA,NA,NA,NA
"1799",1799,NA,NA,NA,NA
"1800",1800,NA,NA,NA,NA
"1801",1801,NA,NA,NA,NA
"1802",1802,NA,NA,NA,NA
"1803",1803,NA,NA,NA,NA
"1804",1804,NA,NA,NA,NA
"1805",1805,NA,NA,NA,NA
"1806",1806,NA,NA,NA,NA
"1807",1807,NA,NA,NA,NA
"1808",1808,NA,NA,NA,NA
"1809",1809,NA,NA,NA,NA
"1810",1810,NA,NA,NA,NA
"1811",1811,NA,NA,NA,NA
"1812",1812,NA,NA,NA,NA
"1813",1813,NA,NA,NA,NA
"1814",1814,NA,NA,NA,NA
"1815",1815,NA,NA,NA,NA
"1816",1816,NA,NA,NA,NA
"1817",1817,NA,NA,NA,NA
"1818",1818,NA,NA,NA,NA
"1819",1819,NA,NA,NA,NA
"1820",1820,NA,NA,NA,NA
"1821",1821,NA,NA,NA,NA
"1822",1822,NA,NA,NA,NA
"1823",1823,NA,NA,NA,NA
"1824",1824,NA,NA,NA,NA
"1825",1825,NA,NA,NA,NA
"1826",1826,NA,NA,NA,NA
"1827",1827,NA,NA,NA,NA
"1828",1828,NA,NA,NA,NA
"1829",1829,NA,NA,NA,NA
"1830",1830,NA,NA,NA,NA
"1831",1831,NA,NA,NA,NA
"1832",1832,NA,NA,NA,NA
"1833",1833,NA,NA,NA,NA
"1834",1834,NA,NA,NA,NA
"1835",1835,NA,NA,NA,NA
"1836",1836,NA,NA,NA,NA
"1837",1837,NA,NA,NA,NA
"1838",1838,NA,NA,NA,NA
"1839",1839,NA,NA,NA,NA
"1840",1840,NA,NA,NA,NA
"1841",1841,NA,NA,NA,NA
"1842",1842,NA,NA,NA,NA
"1843",1843,NA,NA,NA,NA
"1844",1844,NA,NA,NA,NA
"1845",1845,NA,NA,NA,NA
"1846",1846,NA,NA,NA,NA
"1847",1847,NA,NA,NA,NA
"1848",1848,NA,NA,NA,NA
"1849",1849,NA,NA,NA,NA
"1850",1850,NA,NA,NA,NA
"1851",1851,NA,NA,NA,NA
"1852",1852,NA,NA,NA,NA
"1853",1853,NA,NA,NA,NA
"1854",1854,NA,NA,NA,NA
"1855",1855,NA,NA,NA,NA
"1856",1856,NA,NA,NA,NA
"1857",1857,NA,NA,NA,NA
"1858",1858,NA,NA,NA,NA
"1859",1859,NA,NA,NA,NA
"1860",1860,NA,NA,NA,NA
"1861",1861,NA,NA,NA,NA
"1862",1862,NA,NA,NA,NA
"1863",1863,NA,NA,NA,NA
"1864",1864,NA,NA,NA,NA
"1865",1865,NA,NA,NA,NA
"1866",1866,NA,NA,NA,NA
"1867",1867,NA,NA,NA,NA
"1868",1868,NA,NA,NA,NA
"1869",1869,NA,NA,NA,NA
"1870",1870,NA,NA,NA,NA
"1871",1871,NA,NA,NA,NA
"1872",1872,NA,NA,NA,NA
"1873",1873,NA,NA,NA,NA
"1874",1874,NA,NA,NA,NA
"1875",1875,NA,NA,NA,NA
"1876",1876,NA,NA,NA,NA
"1877",1877,NA,NA,NA,NA
"1878",1878,NA,NA,NA,NA
"1879",1879,NA,NA,NA,NA
"1880",1880,NA,NA,NA,NA
"1881",1881,NA,NA,NA,NA
"1882",1882,NA,NA,NA,NA
"1883",1883,NA,NA,NA,NA
"1884",1884,NA,NA,NA,NA
"1885",1885,NA,NA,NA,NA
"1886",1886,NA,NA,NA,NA
"1887",1887,NA,NA,NA,NA
"1888",1888,NA,NA,NA,NA
"1889",1889,NA,NA,NA,NA
"1890",1890,NA,NA,NA,NA
"1891",1891,NA,NA,NA,NA
"1892",1892,NA,NA,NA,NA
"1893",1893,NA,NA,NA,NA
"1894",1894,NA,NA,NA,NA
"1895",1895,NA,NA,NA,NA
"1896",1896,NA,NA,NA,NA
"1897",1897,NA,NA,NA,NA
"1898",1898,NA,NA,NA,NA
"1899",1899,NA,NA,NA,NA
"1900",1900,NA,NA,NA,NA
"1901",1901,NA,NA,NA,NA
"1902",1902,NA,NA,NA,NA
"1903",1903,NA,NA,NA,NA
"1904",1904,NA,NA,NA,NA
"1905",1905,NA,NA,NA,NA
"1906",1906,NA,NA,NA,NA
"1907",1907,NA,NA,NA,NA
"1908",1908,NA,NA,NA,NA
"1909",1909,NA,NA,NA,NA
"1910",1910,NA,NA,NA,NA
"1911",1911,NA,NA,NA,NA
"1912",1912,NA,NA,NA,NA
"1913",1913,NA,NA,NA,NA
"1914",1914,NA,NA,NA,NA
"1915",1915,NA,NA,NA,NA
"1916",1916,NA,NA,NA,NA
"1917",1917,NA,NA,NA,NA
"1918",1918,NA,NA,NA,NA
"1919",1919,NA,NA,NA,NA
"1920",1920,NA,NA,NA,NA
"1921",1921,NA,NA,NA,NA
"1922",1922,NA,NA,NA,NA
"1923",1923,NA,NA,NA,NA
"1924",1924,NA,NA,NA,NA
"1925",1925,NA,NA,NA,NA
"1926",1926,NA,NA,NA,NA
"1927",1927,NA,NA,NA,NA
"1928",1928,NA,NA,NA,NA
"1929",1929,NA,NA,NA,NA
"1930",1930,NA,NA,NA,NA
"1931",1931,NA,NA,NA,NA
"1932",1932,NA,NA,NA,NA
"1933",1933,NA,NA,NA,NA
"1934",1934,NA,NA,NA,NA
"1935",1935,NA,NA,NA,NA
"1936",1936,NA,NA,NA,NA
"1937",1937,NA,NA,NA,NA
"1938",1938,NA,NA,NA,NA
"1939",1939,NA,NA,NA,NA
"1940",1940,NA,NA,NA,NA
"1941",1941,NA,NA,NA,NA
"1942",1942,NA,NA,NA,NA
"1943",1943,NA,NA,NA,NA
"1944",1944,NA,NA,NA,NA
"1945",1945,NA,NA,NA,NA
"1946",1946,NA,NA,NA,NA
"1947",1947,NA,NA,NA,NA
"1948",1948,NA,NA,NA,NA
"1949",1949,NA,NA,NA,NA
"1950",1950,NA,NA,NA,NA
"1951",1951,NA,NA,NA,NA
"1952",1952,NA,NA,NA,NA
"1953",1953,NA,NA,NA,NA
"1954",1954,NA,NA,NA,NA
"1955",1955,NA,NA,NA,NA
"1956",1956,NA,NA,NA,NA
"1957",1957,NA,NA,NA,NA
"1958",1958,NA,NA,NA,NA
"1959",1959,NA,NA,NA,NA
"1960",1960,NA,NA,NA,NA
"1961",1961,NA,NA,NA,NA
"1962",1962,NA,NA,NA,NA
"1963",1963,NA,NA,NA,NA
"1964",1964,NA,NA,NA,NA
"1965",1965,NA,NA,NA,NA
"1966",1966,NA,NA,NA,NA
"1967",1967,NA,NA,NA,NA
"1968",1968,NA,NA,NA,NA
"1969",1969,NA,NA,NA,NA
"1970",1970,NA,NA,NA,NA
"1971",1971,NA,NA,NA,NA
"1972",1972,NA,NA,NA,NA
"1973",1973,NA,NA,NA,NA
"1974",1974,NA,NA,NA,NA
"1975",1975,NA,NA,NA,NA
"1976",1976,NA,NA,NA,NA
"1977",1977,NA,NA,NA,NA
"1978",1978,NA,NA,NA,NA
"1979",1979,NA,NA,NA,NA
"1980",1980,NA,NA,NA,NA
"1981",1981,NA,NA,NA,NA
"1982",1982,NA,NA,NA,NA
"1983",1983,NA,NA,NA,NA
"1984",1984,NA,NA,NA,NA
"1985",1985,NA,NA,NA,NA
"1986",1986,NA,NA,NA,NA
"1987",1987,NA,NA,NA,NA
"1988",1988,NA,NA,NA,NA
"1989",1989,NA,NA,NA,NA
"1990",1990,NA,NA,NA,NA
"1991",1991,NA,NA,NA,NA
"1992",1992,NA,NA,NA,NA
"1993",1993,NA,NA,NA,NA
"1994",1994,NA,NA,NA,NA
"1995",1995,NA,NA,NA,NA
"1996",1996,NA,NA,NA,NA
"1997",1997,NA,NA,NA,NA
"1998",1998,NA,NA,NA,NA
"1999",1999,NA,NA,NA,NA
"2000",2000,NA,NA,NA,NA
"2001",2001,NA,NA,NA,NA
"2002",2002,NA,NA,NA,NA
"2003",2003,NA,NA,NA,NA
"2004",2004,NA,NA,NA,NA
"2005",2005,NA,NA,NA,NA
"2006",2006,NA,NA,NA,NA
"2007",2007,NA,NA,NA,NA
"2008",2008,NA,NA,NA,NA
"2009",2009,NA,NA,NA,NA
"2010",2010,NA,NA,NA,NA
"2011",2011,NA,NA,NA,NA
"2012",2012,NA,NA,NA,NA
"2013",2013,NA,NA,NA,NA
"2014",2014,NA,NA,NA,NA
"2015",2015,NA,NA,NA,NA
"2016",2016,NA,NA,NA,NA
"2017",2017,NA,NA,NA,NA
"2018",2018,NA,NA,NA,NA
"2019",2019,NA,NA,NA,NA
"2020",2020,NA,NA,NA,NA
"2021",2021,NA,NA,NA,NA
"2022",2022,NA,NA,NA,NA
"2023",2023,NA,NA,NA,NA
"2024",2024,NA,NA,NA,NA
"2025",2025,NA,NA,NA,NA
"2026",2026,NA,NA,NA,NA
"2027",2027,NA,NA,NA,NA
"2028",2028,NA,NA,NA,NA
"2029",2029,NA,NA,NA,NA
"2030",2030,NA,NA,NA,NA
"2031",2031,NA,NA,NA,NA
"2032",2032,NA,NA,NA,NA
"2033",2033,NA,NA,NA,NA
"2034",2034,NA,NA,NA,NA
"2035",2035,NA,NA,NA,NA
"2036",2036,NA,NA,NA,NA
"2037",2037,NA,NA,NA,NA
"2038",2038,NA,NA,NA,NA
"2039",2039,NA,NA,NA,NA
"2040",2040,NA,NA,NA,NA
"2041",2041,NA,NA,NA,NA
"2042",2042,NA,NA,NA,NA
"2043",2043,NA,NA,NA,NA
"2044",2044,NA,NA,NA,NA
"2045",2045,NA,NA,NA,NA
"2046",2046,NA,NA,NA,NA
"2047",2047,NA,NA,NA,NA
"2048",2048,NA,NA,NA,NA
"2049",2049,NA,NA,NA,NA
"2050",2050,NA,NA,NA,NA
"2051",2051,NA,NA,NA,NA
"2052",2052,NA,NA,NA,NA
"2053",2053,NA,NA,NA,NA
"2054",2054,NA,NA,NA,NA
"2055",2055,NA,NA,NA,NA
"2056",2056,NA,NA,NA,NA
"2057",2057,NA,NA,NA,NA
"2058",2058,NA,NA,NA,NA
"2059",2059,NA,NA,NA,NA
"2060",2060,NA,NA,NA,NA
"2061",2061,NA,NA,NA,NA
"2062",2062,NA,NA,NA,NA
"2063",2063,NA,NA,NA,NA
"2064",2064,NA,NA,NA,NA
"2065",2065,NA,NA,NA,NA
"2066",2066,NA,NA,NA,NA
"2067",2067,NA,NA,NA,NA
"2068",2068,NA,NA,NA,NA
"2069",2069,NA,NA,NA,NA
"2070",2070,NA,NA,NA,NA
"2071",2071,NA,NA,NA,NA
"2072",2072,NA,NA,NA,NA
"2073",2073,NA,NA,NA,NA
"2074",2074,NA,NA,NA,NA
"2075",2075,NA,NA,NA,NA
"2076",2076,NA,NA,NA,NA
"2077",2077,NA,NA,NA,NA
"2078",2078,NA,NA,NA,NA
"2079",2079,NA,NA,NA,NA
"2080",2080,NA,NA,NA,NA
"2081",2081,NA,NA,NA,NA
"2082",2082,NA,NA,NA,NA
"2083",2083,NA,NA,NA,NA
"2084",2084,NA,NA,NA,NA
"2085",2085,NA,NA,NA,NA
"2086",2086,NA,NA,NA,NA
"2087",2087,NA,NA,NA,NA
"2088",2088,NA,NA,NA,NA
"2089",2089,NA,NA,NA,NA
"2090",2090,NA,NA,NA,NA
"2091",2091,NA,NA,NA,NA
"2092",2092,NA,NA,NA,NA
"2093",2093,NA,NA,NA,NA
"2094",2094,NA,NA,NA,NA
"2095",2095,NA,NA,NA,NA
"2096",2096,NA,NA,NA,NA
"2097",2097,NA,NA,NA,NA
"2098",2098,NA,NA,NA,NA
"2099",2099,NA,NA,NA,NA
"2100",2100,NA,NA,NA,NA
"2101",2101,NA,NA,NA,NA
"2102",2102,NA,NA,NA,NA
"2103",2103,NA,NA,NA,NA
"2104",2104,NA,NA,NA,NA
"2105",2105,NA,NA,NA,NA
"2106",2106,NA,NA,NA,NA
"2107",2107,NA,NA,NA,NA
"2108",2108,NA,NA,NA,NA
"2109",2109,NA,NA,NA,NA
"2110",2110,NA,NA,NA,NA
"2111",2111,NA,NA,NA,NA
"2112",2112,NA,NA,NA,NA
"2113",2113,NA,NA,NA,NA
"2114",2114,NA,NA,NA,NA
"2115",2115,NA,NA,NA,NA
"2116",2116,NA,NA,NA,NA
"2117",2117,NA,NA,NA,NA
"2118",2118,NA,NA,NA,NA
"2119",2119,NA,NA,NA,NA
"2120",2120,NA,NA,NA,NA
"2121",2121,NA,NA,NA,NA
"2122",2122,NA,NA,NA,NA
"2123",2123,NA,NA,NA,NA
"2124",2124,NA,NA,NA,NA
"2125",2125,NA,NA,NA,NA
"2126",2126,NA,NA,NA,NA
"2127",2127,NA,NA,NA,NA
"2128",2128,NA,NA,NA,NA
"2129",2129,NA,NA,NA,NA
"2130",2130,NA,NA,NA,NA
"2131",2131,NA,NA,NA,NA
"2132",2132,NA,NA,NA,NA
"2133",2133,NA,NA,NA,NA
"2134",2134,NA,NA,NA,NA
"2135",2135,NA,NA,NA,NA
"2136",2136,NA,NA,NA,NA
"2137",2137,NA,NA,NA,NA
"2138",2138,NA,NA,NA,NA
"2139",2139,NA,NA,NA,NA
"2140",2140,NA,NA,NA,NA
"2141",2141,NA,NA,NA,NA
"2142",2142,NA,NA,NA,NA
"2143",2143,NA,NA,NA,NA
"2144",2144,NA,NA,NA,NA
"2145",2145,NA,NA,NA,NA
"2146",2146,NA,NA,NA,NA
"2147",2147,NA,NA,NA,NA
"2148",2148,NA,NA,NA,NA
"2149",2149,NA,NA,NA,NA
"2150",2150,NA,NA,NA,NA
"2151",2151,NA,NA,NA,NA
"2152",2152,NA,NA,NA,NA
"2153",2153,NA,NA,NA,NA
"2154",2154,NA,NA,NA,NA
"2155",2155,NA,NA,NA,NA
"2156",2156,NA,NA,NA,NA
"2157",2157,NA,NA,NA,NA
"2158",2158,NA,NA,NA,NA
"2159",2159,NA,NA,NA,NA
"2160",2160,NA,NA,NA,NA
"2161",2161,NA,NA,NA,NA
"2162",2162,NA,NA,NA,NA
"2163",2163,NA,NA,NA,NA
"2164",2164,NA,NA,NA,NA
"2165",2165,NA,NA,NA,NA
"2166",2166,NA,NA,NA,NA
"2167",2167,NA,NA,NA,NA
"2168",2168,NA,NA,NA,NA
"2169",2169,NA,NA,NA,NA
"2170",2170,NA,NA,NA,NA
"2171",2171,NA,NA,NA,NA
"2172",2172,NA,NA,NA,NA
"2173",2173,NA,NA,NA,NA
"2174",2174,NA,NA,NA,NA
"2175",2175,NA,NA,NA,NA
"2176",2176,NA,NA,NA,NA
"2177",2177,NA,NA,NA,NA
"2178",2178,NA,NA,NA,NA
"2179",2179,NA,NA,NA,NA
"2180",2180,NA,NA,NA,NA
"2181",2181,NA,NA,NA,NA
"2182",2182,NA,NA,NA,NA
"2183",2183,NA,NA,NA,NA
"2184",2184,NA,NA,NA,NA
"2185",2185,NA,NA,NA,NA
"2186",2186,NA,NA,NA,NA
"2187",2187,NA,NA,NA,NA
"2188",2188,NA,NA,NA,NA
"2189",2189,NA,NA,NA,NA
"2190",2190,NA,NA,NA,NA
"2191",2191,NA,NA,NA,NA
"2192",2192,NA,NA,NA,NA
"2193",2193,NA,NA,NA,NA
"2194",2194,NA,NA,NA,NA
"2195",2195,NA,NA,NA,NA
"2196",2196,NA,NA,NA,NA
"2197",2197,NA,NA,NA,NA
"2198",2198,NA,NA,NA,NA
"2199",2199,NA,NA,NA,NA
"2200",2200,NA,NA,NA,NA
"2201",2201,NA,NA,NA,NA
"2202",2202,NA,NA,NA,NA
"2203",2203,NA,NA,NA,NA
"2204",2204,NA,NA,NA,NA
"2205",2205,NA,NA,NA,NA
"2206",2206,NA,NA,NA,NA
"2207",2207,NA,NA,NA,NA
"2208",2208,NA,NA,NA,NA
"2209",2209,NA,NA,NA,NA
"2210",2210,NA,NA,NA,NA
"2211",2211,NA,NA,NA,NA
"2212",2212,NA,NA,NA,NA
"2213",2213,NA,NA,NA,NA
"2214",2214,NA,NA,NA,NA
"2215",2215,NA,NA,NA,NA
"2216",2216,NA,NA,NA,NA
"2217",2217,NA,NA,NA,NA
"2218",2218,NA,NA,NA,NA
"2219",2219,NA,NA,NA,NA
"2220",2220,NA,NA,NA,NA
"2221",2221,NA,NA,NA,NA
"2222",2222,NA,NA,NA,NA
"2223",2223,NA,NA,NA,NA
"2224",2224,NA,NA,NA,NA
"2225",2225,NA,NA,NA,NA
"2226",2226,NA,NA,NA,NA
"2227",2227,NA,NA,NA,NA
"2228",2228,NA,NA,NA,NA
"2229",2229,NA,NA,NA,NA
"2230",2230,NA,NA,NA,NA
"2231",2231,NA,NA,NA,NA
"2232",2232,NA,NA,NA,NA
"2233",2233,NA,NA,NA,NA
"2234",2234,NA,NA,NA,NA
"2235",2235,NA,NA,NA,NA
"2236",2236,NA,NA,NA,NA
"2237",2237,NA,NA,NA,NA
"2238",2238,NA,NA,NA,NA
"2239",2239,NA,NA,NA,NA
"2240",2240,NA,NA,NA,NA
"2241",2241,NA,NA,NA,NA
"2242",2242,NA,NA,NA,NA
"2243",2243,NA,NA,NA,NA
"2244",2244,NA,NA,NA,NA
"2245",2245,NA,NA,NA,NA
"2246",2246,NA,NA,NA,NA
"2247",2247,NA,NA,NA,NA
"2248",2248,NA,NA,NA,NA
"2249",2249,NA,NA,NA,NA
"2250",2250,NA,NA,NA,NA
"2251",2251,NA,NA,NA,NA
"2252",2252,NA,NA,NA,NA
"2253",2253,NA,NA,NA,NA
"2254",2254,NA,NA,NA,NA
"2255",2255,NA,NA,NA,NA
"2256",2256,NA,NA,NA,NA
"2257",2257,NA,NA,NA,NA
"2258",2258,NA,NA,NA,NA
"2259",2259,NA,NA,NA,NA
"2260",2260,NA,NA,NA,NA
"2261",2261,NA,NA,NA,NA
"2262",2262,NA,NA,NA,NA
"2263",2263,NA,NA,NA,NA
"2264",2264,NA,NA,NA,NA
"2265",2265,NA,NA,NA,NA
"2266",2266,NA,NA,NA,NA
"2267",2267,NA,NA,NA,NA
"2268",2268,NA,NA,NA,NA
"2269",2269,NA,NA,NA,NA
"2270",2270,NA,NA,NA,NA
"2271",2271,NA,NA,NA,NA
"2272",2272,NA,NA,NA,NA
"2273",2273,NA,NA,NA,NA
"2274",2274,NA,NA,NA,NA
"2275",2275,NA,NA,NA,NA
"2276",2276,NA,NA,NA,NA
"2277",2277,NA,NA,NA,NA
"2278",2278,NA,NA,NA,NA
"2279",2279,NA,NA,NA,NA
"2280",2280,NA,NA,NA,NA
"2281",2281,NA,NA,NA,NA
"2282",2282,NA,NA,NA,NA
"2283",2283,NA,NA,NA,NA
"2284",2284,NA,NA,NA,NA
"2285",2285,NA,NA,NA,NA
"2286",2286,NA,NA,NA,NA
"2287",2287,NA,NA,NA,NA
"2288",2288,NA,NA,NA,NA
"2289",2289,NA,NA,NA,NA
"2290",2290,NA,NA,NA,NA
"2291",2291,NA,NA,NA,NA
"2292",2292,NA,NA,NA,NA
"2293",2293,NA,NA,NA,NA
"2294",2294,NA,NA,NA,NA
"2295",2295,NA,NA,NA,NA
"2296",2296,NA,NA,NA,NA
"2297",2297,NA,NA,NA,NA
"2298",2298,NA,NA,NA,NA
"2299",2299,NA,NA,NA,NA
"2300",2300,NA,NA,NA,NA
"2301",2301,NA,NA,NA,NA
"2302",2302,NA,NA,NA,NA
"2303",2303,NA,NA,NA,NA
"2304",2304,NA,NA,NA,NA
"2305",2305,NA,NA,NA,NA
"2306",2306,NA,NA,NA,NA
"2307",2307,NA,NA,NA,NA
"2308",2308,NA,NA,NA,NA
"2309",2309,NA,NA,NA,NA
"2310",2310,NA,NA,NA,NA
"2311",2311,NA,NA,NA,NA
"2312",2312,NA,NA,NA,NA
"2313",2313,NA,NA,NA,NA
"2314",2314,NA,NA,NA,NA
"2315",2315,NA,NA,NA,NA
"2316",2316,NA,NA,NA,NA
"2317",2317,NA,NA,NA,NA
"2318",2318,NA,NA,NA,NA
"2319",2319,NA,NA,NA,NA
"2320",2320,NA,NA,NA,NA
"2321",2321,NA,NA,NA,NA
"2322",2322,NA,NA,NA,NA
"2323",2323,NA,NA,NA,NA
"2324",2324,NA,NA,NA,NA
"2325",2325,NA,NA,NA,NA
"2326",2326,NA,NA,NA,NA
"2327",2327,NA,NA,NA,NA
"2328",2328,NA,NA,NA,NA
"2329",2329,NA,NA,NA,NA
"2330",2330,NA,NA,NA,NA
"2331",2331,NA,NA,NA,NA
"2332",2332,NA,NA,NA,NA
"2333",2333,NA,NA,NA,NA
"2334",2334,NA,NA,NA,NA
"2335",2335,NA,NA,NA,NA
"2336",2336,NA,NA,NA,NA
"2337",2337,NA,NA,NA,NA
"2338",2338,NA,NA,NA,NA
"2339",2339,NA,NA,NA,NA
"2340",2340,NA,NA,NA,NA
"2341",2341,NA,NA,NA,NA
"2342",2342,NA,NA,NA,NA
"2343",2343,NA,NA,NA,NA
"2344",2344,NA,NA,NA,NA
"2345",2345,NA,NA,NA,NA
"2346",2346,NA,NA,NA,NA
"2347",2347,NA,NA,NA,NA
"2348",2348,NA,NA,NA,NA
"2349",2349,NA,NA,NA,NA
"2350",2350,NA,NA,NA,NA
"2351",2351,NA,NA,NA,NA
"2352",2352,NA,NA,NA,NA
"2353",2353,NA,NA,NA,NA
"2354",2354,NA,NA,NA,NA
"2355",2355,NA,NA,NA,NA
"2356",2356,NA,NA,NA,NA
"2357",2357,NA,NA,NA,NA
"2358",2358,NA,NA,NA,NA
"2359",2359,NA,NA,NA,NA
"2360",2360,NA,NA,NA,NA
"2361",2361,NA,NA,NA,NA
"2362",2362,NA,NA,NA,NA
"2363",2363,NA,NA,NA,NA
"2364",2364,NA,NA,NA,NA
"2365",2365,NA,NA,NA,NA
"2366",2366,NA,NA,NA,NA
"2367",2367,NA,NA,NA,NA
"2368",2368,NA,NA,NA,NA
"2369",2369,NA,NA,NA,NA
"2370",2370,NA,NA,NA,NA
"2371",2371,NA,NA,NA,NA
"2372",2372,NA,NA,NA,NA
"2373",2373,NA,NA,NA,NA
"2374",2374,NA,NA,NA,NA
"2375",2375,NA,NA,NA,NA
"2376",2376,NA,NA,NA,NA
"2377",2377,NA,NA,NA,NA
"2378",2378,NA,NA,NA,NA
"2379",2379,NA,NA,NA,NA
"2380",2380,NA,NA,NA,NA
"2381",2381,NA,NA,NA,NA
"2382",2382,NA,NA,NA,NA
"2383",2383,NA,NA,NA,NA
"2384",2384,NA,NA,NA,NA
"2385",2385,NA,NA,NA,NA
"2386",2386,NA,NA,NA,NA
"2387",2387,NA,NA,NA,NA
"2388",2388,NA,NA,NA,NA
"2389",2389,NA,NA,NA,NA
"2390",2390,NA,NA,NA,NA
"2391",2391,NA,NA,NA,NA
"2392",2392,NA,NA,NA,NA
"2393",2393,NA,NA,NA,NA
"2394",2394,NA,NA,NA,NA
"2395",2395,NA,NA,NA,NA
"2396",2396,NA,NA,NA,NA
"2397",2397,NA,NA,NA,NA
"2398",2398,NA,NA,NA,NA
"2399",2399,NA,NA,NA,NA
"2400",2400,NA,NA,NA,NA
"2401",2401,NA,NA,NA,NA
"2402",2402,NA,NA,NA,NA
"2403",2403,NA,NA,NA,NA
"2404",2404,NA,NA,NA,NA
"2405",2405,NA,NA,NA,NA
"2406",2406,NA,NA,NA,NA
"2407",2407,NA,NA,NA,NA
"2408",2408,NA,NA,NA,NA
"2409",2409,NA,NA,NA,NA
"2410",2410,NA,NA,NA,NA
"2411",2411,NA,NA,NA,NA
"2412",2412,NA,NA,NA,NA
"2413",2413,NA,NA,NA,NA
"2414",2414,NA,NA,NA,NA
"2415",2415,NA,NA,NA,NA
"2416",2416,NA,NA,NA,NA
"2417",2417,NA,NA,NA,NA
"2418",2418,NA,NA,NA,NA
"2419",2419,NA,NA,NA,NA
"2420",2420,NA,NA,NA,NA
"2421",2421,NA,NA,NA,NA
"2422",2422,NA,NA,NA,NA
"2423",2423,NA,NA,NA,NA
"2424",2424,NA,NA,NA,NA
"2425",2425,NA,NA,NA,NA
"2426",2426,NA,NA,NA,NA
"2427",2427,NA,NA,NA,NA
"2428",2428,NA,NA,NA,NA
"2429",2429,NA,NA,NA,NA
"2430",2430,NA,NA,NA,NA
"2431",2431,NA,NA,NA,NA
"2432",2432,NA,NA,NA,NA
"2433",2433,NA,NA,NA,NA
"2434",2434,NA,NA,NA,NA
"2435",2435,NA,NA,NA,NA
"2436",2436,NA,NA,NA,NA
"2437",2437,NA,NA,NA,NA
"2438",2438,NA,NA,NA,NA
"2439",2439,NA,NA,NA,NA
"2440",2440,NA,NA,NA,NA
"2441",2441,NA,NA,NA,NA
"2442",2442,NA,NA,NA,NA
"2443",2443,NA,NA,NA,NA
"2444",2444,NA,NA,NA,NA
"2445",2445,NA,NA,NA,NA
"2446",2446,NA,NA,NA,NA
"2447",2447,NA,NA,NA,NA
"2448",2448,NA,NA,NA,NA
"2449",2449,NA,NA,NA,NA
"2450",2450,NA,NA,NA,NA
"2451",2451,NA,NA,NA,NA
"2452",2452,NA,NA,NA,NA
"2453",2453,NA,NA,NA,NA
"2454",2454,NA,NA,NA,NA
"2455",2455,NA,NA,NA,NA
"2456",2456,NA,NA,NA,NA
"2457",2457,NA,NA,NA,NA
"2458",2458,NA,NA,NA,NA
"2459",2459,NA,NA,NA,NA
"2460",2460,NA,NA,NA,NA
"2461",2461,NA,NA,NA,NA
"2462",2462,NA,NA,NA,NA
"2463",2463,NA,NA,NA,NA
"2464",2464,NA,NA,NA,NA
"2465",2465,NA,NA,NA,NA
"2466",2466,NA,NA,NA,NA
"2467",2467,NA,NA,NA,NA
"2468",2468,NA,NA,NA,NA
"2469",2469,NA,NA,NA,NA
"2470",2470,NA,NA,NA,NA
"2471",2471,NA,NA,NA,NA
"2472",2472,NA,NA,NA,NA
"2473",2473,NA,NA,NA,NA
"2474",2474,NA,NA,NA,NA
"2475",2475,NA,NA,NA,NA
"2476",2476,NA,NA,NA,NA
"2477",2477,NA,NA,NA,NA
"2478",2478,NA,NA,NA,NA
"2479",2479,NA,NA,NA,NA
"2480",2480,NA,NA,NA,NA
"2481",2481,NA,NA,NA,NA
"2482",2482,NA,NA,NA,NA
"2483",2483,NA,NA,NA,NA
"2484",2484,NA,NA,NA,NA
"2485",2485,NA,NA,NA,NA
"2486",2486,NA,NA,NA,NA
"2487",2487,NA,NA,NA,NA
"2488",2488,NA,NA,NA,NA
"2489",2489,NA,NA,NA,NA
"2490",2490,NA,NA,NA,NA
"2491",2491,NA,NA,NA,NA
"2492",2492,NA,NA,NA,NA
"2493",2493,NA,NA,NA,NA
"2494",2494,NA,NA,NA,NA
"2495",2495,NA,NA,NA,NA
"2496",2496,NA,NA,NA,NA
"2497",2497,NA,NA,NA,NA
"2498",2498,NA,NA,NA,NA
"2499",2499,NA,NA,NA,NA
"2500",2500,NA,NA,NA,NA
"2501",2501,NA,NA,NA,NA
"2502",2502,NA,NA,NA,NA
"2503",2503,NA,NA,NA,NA
"2504",2504,NA,NA,NA,NA
"2505",2505,NA,NA,NA,NA
"2506",2506,NA,NA,NA,NA
"2507",2507,NA,NA,NA,NA
"2508",2508,NA,NA,NA,NA
"2509",2509,NA,NA,NA,NA
"2510",2510,NA,NA,NA,NA
"2511",2511,NA,NA,NA,NA
"2512",2512,NA,NA,NA,NA
"2513",2513,NA,NA,NA,NA
"2514",2514,NA,NA,NA,NA
"2515",2515,NA,NA,NA,NA
"2516",2516,NA,NA,NA,NA
"2517",2517,NA,NA,NA,NA
"2518",2518,NA,NA,NA,NA
"2519",2519,NA,NA,NA,NA
"2520",2520,NA,NA,NA,NA
"2521",2521,NA,NA,NA,NA
"2522",2522,NA,NA,NA,NA
"2523",2523,NA,NA,NA,NA
"2524",2524,NA,NA,NA,NA
"2525",2525,NA,NA,NA,NA
"2526",2526,NA,NA,NA,NA
"2527",2527,NA,NA,NA,NA
"2528",2528,NA,NA,NA,NA
"2529",2529,NA,NA,NA,NA
"2530",2530,NA,NA,NA,NA
"2531",2531,NA,NA,NA,NA
"2532",2532,NA,NA,NA,NA
"2533",2533,NA,NA,NA,NA
"2534",2534,NA,NA,NA,NA
"2535",2535,NA,NA,NA,NA
"2536",2536,NA,NA,NA,NA
"2537",2537,NA,NA,NA,NA
"2538",2538,NA,NA,NA,NA
"2539",2539,NA,NA,NA,NA
"2540",2540,NA,NA,NA,NA
"2541",2541,NA,NA,NA,NA
"2542",2542,NA,NA,NA,NA
"2543",2543,NA,NA,NA,NA
"2544",2544,NA,NA,NA,NA
"2545",2545,NA,NA,NA,NA
"2546",2546,NA,NA,NA,NA
"2547",2547,NA,NA,NA,NA
"2548",2548,NA,NA,NA,NA
"2549",2549,NA,NA,NA,NA
"2550",2550,NA,NA,NA,NA
"2551",2551,NA,NA,NA,NA
"2552",2552,NA,NA,NA,NA
"2553",2553,NA,NA,NA,NA
"2554",2554,NA,NA,NA,NA
"2555",2555,NA,NA,NA,NA
"2556",2556,NA,NA,NA,NA
"2557",2557,NA,NA,NA,NA
"2558",2558,NA,NA,NA,NA
"2559",2559,NA,NA,NA,NA
"2560",2560,NA,NA,NA,NA
"2561",2561,NA,NA,NA,NA
"2562",2562,NA,NA,NA,NA
"2563",2563,NA,NA,NA,NA
"2564",2564,NA,NA,NA,NA
"2565",2565,NA,NA,NA,NA
"2566",2566,NA,NA,NA,NA
"2567",2567,NA,NA,NA,NA
"2568",2568,NA,NA,NA,NA
"2569",2569,NA,NA,NA,NA
"2570",2570,NA,NA,NA,NA
"2571",2571,NA,NA,NA,NA
"2572",2572,NA,NA,NA,NA
"2573",2573,NA,NA,NA,NA
"2574",2574,NA,NA,NA,NA
"2575",2575,NA,NA,NA,NA
"2576",2576,NA,NA,NA,NA
"2577",2577,NA,NA,NA,NA
"2578",2578,NA,NA,NA,NA
"2579",2579,NA,NA,NA,NA
"2580",2580,NA,NA,NA,NA
"2581",2581,NA,NA,NA,NA
"2582",2582,NA,NA,NA,NA
"2583",2583,NA,NA,NA,NA
"2584",2584,NA,NA,NA,NA
"2585",2585,NA,NA,NA,NA
"2586",2586,NA,NA,NA,NA
"2587",2587,NA,NA,NA,NA
"2588",2588,NA,NA,NA,NA
"2589",2589,NA,NA,NA,NA
"2590",2590,NA,NA,NA,NA
"2591",2591,NA,NA,NA,NA
"2592",2592,NA,NA,NA,NA
"2593",2593,NA,NA,NA,NA
"2594",2594,NA,NA,NA,NA
"2595",2595,NA,NA,NA,NA
"2596",2596,NA,NA,NA,NA
"2597",2597,NA,NA,NA,NA
"2598",2598,NA,NA,NA,NA
"2599",2599,NA,NA,NA,NA
"2600",2600,NA,NA,NA,NA
